slug,name,short_title,level,scheme_for,categories,ministry,close_date,tags,brief
a-gainer,AICTE - Grant For Augmenting Infrastructure In North Eastern Region,A-GAINER,Central,Infra,Education & Learning; Transport & Infrastructure,Ministry of Education,,Grant; Infrastructure,"The scheme ""AICTE - Grant for Augmenting Infrastructure in North Eastern Region (GAINER)"" was introduced by AICTE to enhance the functional efficiency of the technical institutes located in far-flung areas of North East India, by addressing deficiencies in water, electricity, and internet."
a2ks,Access to Knowledge for Technology Development and Dissemination (A2K+),A2K,Central,Infra,Education & Learning,Ministry Of Science And Technology,,Access To Knowledge; Industrial Research; Knowledge Dissemination; Funding Support; Technology Adoption,"Access to Knowledge for Technology Development and Dissemination (A2K+) is a scheme targeted towards developing mechanisms to disseminate science, technology and innovation-related information to industries, research and academic institutions"
aa,Advance Authorisation(AA),AA,Central,Infra,Business & Entrepreneurship,Ministry Of Commerce And Industry,,Enterpreneurship; SION; DGFTScheme; PAN Based IEC,"Advance Authorisation scheme enables duty free import of inputs for export production, including replenishment of inputs or duty remission Advance Authorisation covers manufacturer exporters or merchant exporters tied to supporting manufacturer(s)."
aaby,Aam Aadmi Bima Yojana,AABY,Central,Family,Social welfare & Empowerment,Ministry Of Labour and Employment,,Bima; Insurance; Labour Welfare; DBT; Incentive,"The Aam Aadmi Bima Yojana (AABY) is a social security scheme for rural landless households implemented by the Ministry of Labour & Employment, Government of India. The scheme provides insurance coverage to the head of the household or an earning member of the family in the age group of 18 to 59."
ab-pmjay,Ayushman Bharat - Pradhan Mantri Jan Arogya Yojana,AB-PMJAY,Central,Family,Health & Wellness,Ministry Of Health & Family Welfare,,Health; Insurance; Cashless Treatment; Hospitalization Cover,"AB PM-JAY is a health insurance scheme for low-income families in rural and urban areas. The scheme aims to provide affordable healthcare facilities to the Poor. It is the largest health assurance scheme in the world which aims at providing a health cover of ₹5,00,000/- per family per year."
abvky,Atal Beemit Vyakti Kalyan Yojana,ABVKY,Central,Individual,"Banking,Financial Services and Insurance; Social welfare & Empowerment",Ministry Of Labour and Employment,,Atal; Employee; Insurance; Insured Person; Unemployment,The scheme “Atal Beemit Vyakti Kalyan Yojana (ABVKY)” was introduced by the Employees’ State Insurance Corporation (ESIC) on a pilot basis for a period of 2 years w.e.f. 01.07.2018 for providing relief to the Insured Persons (IPs) who have become unemployed.
aby-mojs,Atal Bhujal Yojana,ABY-MOJS,Central,Individual,Utility & Sanitation; Transport & Infrastructure,"Ministry Of Water Resources,River Development & Ganga Rejuvenation",,Farmer; Women; Community; Panchayat; Groundwater; Recharge; Incentive; Training; Irrigation,The scheme aims to improve the management of groundwater resources in water-stressed areas. It provides institutional strengthening and financial incentives to Gram Panchayats and local communities for sustainable groundwater management and water-efficient practices.
acabc,Agri-Clinic and Agribusiness Centers Scheme (ACABC),ACABC,Central,Individual,"Agriculture,Rural & Environment",Ministry Of Agriculture and Farmers Welfare,,Agriculture Infrastructure; Agribusiness; Agri-Clinic; Agriculture Entrepreneurship; Self Employment; Agriculture Training; Credit Linked Subsidy,The scheme aims to support agriculture development and create self-employment opportunities for trained agriculture professionals through establishment of Agri-Clinics and Agribusiness Centres.
acandabc,Agri-Clinics And Agri-Business Centres Scheme,AC&ABC,Central,Individual,"Agriculture,Rural & Environment; Business & Entrepreneurship; Skills & Employment",Ministry Of Agriculture and Farmers Welfare,,Business; Entrepreneur; Student; Training; Agriculture; Employment,"A welfare scheme by the Ministry of Agriculture and Farmers' Welfare was launched in 2002. AC&ABC aims at agricultural development, supplementing the efforts of public extension by providing extension and other services to farmers either on a payment basis or free of cost as per the business model."
adps,AlCTE - Distinguished Professional Scheme,ADPS,Central,Individual,"Education & Learning; Skills & Employment; Science, IT & Communications",Ministry of Education,,AICTE; Student; Honorarium; Technical Education; Professors,"AICTE-Distinguished Professionals Scheme has been launched by the All India Council for Technical Education, Ministry of Education to improve the quality of Technical Education in India by utilizing the expertise of Professionals, Emeritus professors & Eminent Personalities to share their knowledge."
ae,Agricultural Extension,AE,Central,Individual,"Agriculture,Rural & Environment",Ministry Of Agriculture and Farmers Welfare,,Agricultural; Extension; Agricultural Research; Farmer,"Extension Division endeavours towards successful implementation of Agricultural Extension activities. Through its various programmes, schemes and activities, Extension Division helps farmers to get information regarding scientific research and new knowledge in agricultural practices."
affdf,Financial Assistance For Procuring Mobility Equipment To Disabled Ex-Servicemen (All Ranks),FAPMEDESMAR,Central,Individual,Health & Wellness,Ministry Of Defence,,Ex-Servicemen; Person With Disability; Sainik; Handicapped; ESM,"The scheme provides financial assistance of a maximum of ₹ 1,00,000 from the Armed Forces Flag Day Fund (AFFDF) for the procurement of modified scooters, crutches and wheelchairs for Ex-Servicemen who are disabled after their retirement from service with a disability of 50% or more."
affdf-serious-disease-treatment,AFFDF-Financial Assistance For Treatment Of Serious Diseases To Non Pensioner Ex-Servicemen (All Ranks)/Widows,AFFDF - SERIOUS DISEASE TREATMENT,Central,Individual,Health & Wellness,Ministry Of Defence,,Ex-Servicemen; Widow Of Ex-Servicemen; Serious Disease Treatment; Medical Assistance; Cancer Treatment; Dialysis; Heart Surgery,"The scheme aims to provide financial assistance to non-pensioner Ex-Servicemen of all ranks and widows for meeting medical expenses incurred on the treatment of approved serious diseases, including cancer, renal failure, knee replacement, and heart surgery."
affsre,AgriSURE – Agri Fund for Startups & Rural Enterprises,AFFSRE,Central,Individual,"Agriculture,Rural & Environment",Ministry Of Agriculture and Farmers Welfare,,Agricultural; Farming; Startups; Employment,"The AgriSURE Fund supports agri-startups and rural enterprises with funding and resources so they can develop innovative farming and rural solutions, improving livelihoods and strengthening the agricultural sector."
ai-rtf,ASEAN-India Research Training Fellowship,AI-RTF,Central,Individual,"Science, IT & Communications",Ministry Of Science And Technology,,ASEAN; Research; Fellowship; FICCI; Science; Technology; Innovation,"The “ASEAN-India Research Training Fellowship (AI-RTF)” is a fellowship scheme initiated by the Department of Science & Technology, Government of India under ASEAN-India Science & Technology Development Fund to support young talented researchers/scientists of ASEAN member countries."
ai-tgses,INAE Travel Grant Scheme for Engineering Students from IITs/NITs/Govt. Approved Engineering Colleges/Institutions other than AICTE,ITGSESECIA,Central,Individual,Education & Learning; Travel & Tourism,Ministry of Education,,Travel; Grant; Engineering Student; AICTE,"A Travel Grant Scheme by the All India Council for Technical Education (AICTE) and by the Indian National Academy of Engineering (INAE), for the students from AICTE approved Engineering College/institutions. The scheme aims at enhancing the quality of engineering education in the country."
aicte-spices,"AICTE - Scheme For Promoting Interests, Creativity And Ethics Among Students",AICTE - SPICES,Central,Infra,Education & Learning,Ministry of Education,,Student; Institution,"AICTE-SPICES scheme provides financial support to institutions for developing students' clubs for the well-rounded development of students by promoting their interests, creativity, and ethics. This club should serve as a model for other clubs in the institution and also those in other institutions."
aicte-ssss,AICTE-Swanath Scholarship Scheme For Students,AICTE-SSSS,Central,Individual,Education & Learning,Ministry of Education,,Orphan; Scholarship,"A scholarship scheme by the Student Development Cell (StDC) of All India Council for Technical Education (AICTE) to provide encouragement and support to orphans, wards of parents who died due to Covid-19, wards of Armed Forces, and Central Paramilitary Forces martyred in action (Shaheed)."
aiideals,"AICTE-IDEA (Idea Development, Evaluation & Application) LAB SCHEME",AIIDEALS,Central,Infra,Education & Learning,Ministry of Education,,Infrastructure; Lab; Financial Support; Engineering College And University,"Through Idea Lab Scheme, AICTE will be setting up Idea Labs in AICTE approved institutions to encourage students for application of science, technology engineering and mathematics (STEM) fundamentals towards enhanced hands-on experience, learning by doing and even product visualization."
aktinf,Abdul Kalam Technology Innovation National Fellowship,AKTINF,Central,Individual,"Science, IT & Communications",Ministry Of Science And Technology,,Abdul Kalam; Innovation; Fellowship; Translational Research; SERB; Research,"Indian National Academy of Engineering (INAE) will award ""Abdul Kalam Technology Innovation National Fellowship"" to outstanding engineers to recognize, encourage and support translational research by individuals to achieve excellence in engineering, innovation and technology development."
am-gris,AICTE – Mitacs Globalink Research Internship (GRI) Scheme,AM-GRIS,Central,Individual,Education & Learning,Ministry of Education,,Internship; Research,"The scheme aims to promote collaborative research between India and Canada. Through this scheme, fully funded international research internships are provided to eligible Indian undergraduate students."
ami,Agricultural Marketing Infrastructure,AMI,Central,Infra,"Agriculture,Rural & Environment; Transport & Infrastructure",Ministry Of Agriculture and Farmers Welfare,,Agricultural Marketing; Storage Infrastructure; Promoter; Farmer,The revitalized and farmers’ income enhancing centric sub-scheme Agricultural Marketing Infrastructure (AMI) of Integrated Scheme for Agricultural Marketing (ISAM) is meant for holistic development of agricultural value chain critically focusing each linkage of post-harvest value chain.
amrut,Atal Mission For Rejuvenation And Urban Transformation,AMRUT,Central,Infra,Utility & Sanitation; Transport & Infrastructure; Health & Wellness,Ministry Of Housing & Urban Affairs,,Basic Services; Parks; Green Space; Urban Transport; Non-Motorized; Sewerage; Septage Management; Storm Water; Drainage,"Providing basic services (e.g. water supply, sewerage, urban transport) to households and building amenities in cities which will improve the quality of life for all, especially the poor and the disadvantaged is a national priority."
ams,AICTE-Margdarshan scheme,AMS,Central,Infra,Education & Learning,Ministry of Education,,Technical Education; Grant-in-aid; Mentor Institute; Mentee Beneficiary Institutes,Margdarshan Initiative has been introduced by All India Council for Technical Education in 2018 for facilitating the technical institutes in order to improve the quality of technical education as a whole through accreditation by providing access to the facilities available in host institute.
aogeusy,Ayush Oushadhi Gunvatta Evam Uttpadan Samvardhan Yojana,AOGEUSY,Central,Infra,"Business & Entrepreneurship; Science, IT & Communications",Ministry Of Ayush,,Ayush Drugs; Pharmacovigilance; Manufacturing Capabilities; Financial Assistance; Research And Development,The scheme aims to enhance India's manufacturing capabilities and exports of traditional medicines and health promotion products under the initiative of Atmanirbhar Bharat.
aogusypcvasma,Ayush Oushadhi Gunvatta evam Uttpadan Samvardhan Yojana (AOGUSY): Pharmacovigilance of ASU&H Drugs Including Surveillance of Misleading Advertisements,AOGUSYPCVASMA,Central,Infra,"Science, IT & Communications",Ministry Of Ayush,,Ayurveda; Homoeopathy; Pharmacovigilance; Safety Monitoring; Drug Surveillance; Ayush Medicines,"The scheme-component aims to establish a robust safety monitoring and surveillance system for Ayurveda, Siddha, Unani and Homoeopathy (ASU&H) drugs and to monitor misleading advertisements related to Ayush medicines."
aogusyscsrfit,Ayush Oushadhi Gunvatta evam Uttpadan Samvardhan Yojana (AOGUSY): Strengthening of Central and State Regulatory Frameworks Including Technical Human Resource and Capacity Building Programs for Ayush Drugs,AOGUSYSCSRFIT,Central,Infra,"Science, IT & Communications",Ministry Of Ayush,,Ayush Drug Regulation; Regulatory Framework Strengthening; Capacity Building; Technical Training; Drug Testing Laboratories,"The scheme component aims to strengthen the regulatory framework for Ayush drugs at the Central and State/UT levels by enhancing technical manpower, capacity building, quality control systems, and regulatory infrastructure."
aogusysdsacrd,"Ayush Oushadhi Gunvatta evam Uttpadan Samvardhan Yojana (AOGUSY): Support for Development of Standards and Accreditation/Certification of Ayush Products and Materials in Collaboration With BIS, QCI and Other Relevant Scientific Institutions and Industrial R&D Centres",AOGUSYSDSACRD,Central,Infra,"Science, IT & Communications",Ministry Of Ayush,,Ayush Product Certification; Ayush Standards Development; Accreditation Of Ayush Products; BIS Collaboration; Industrial R&D Centres,"The scheme-component aims to support organizations and institutions in developing standards and accreditation frameworks for Ayush products and materials to ensure quality, safety, and scientific validation."
aogusysuaptl,Ayush Oushadhi Gunvatta evam Uttpadan Samvardhan Yojana (AOGUSY): Strengthening and Up-Gradation of Ayush Pharmacies and Drug Testing Laboratories to Achieve Higher Standards,AOGUSYSUAPTL,Central,Infra,"Science, IT & Communications",Ministry Of Ayush,,Ayush Pharmacies; Drug Testing Laboratories; Infrastructure Upgradation; Technology Modernization; Quality Control Lab,The scheme-component aims to strengthen and upgrade ASU&H pharmacies and drug testing laboratories to improve quality control and manufacturing standards of Ayush drugs.
apy,Atal Pension Yojana,APY,Central,Individual,"Banking,Financial Services and Insurance",Ministry Of Finance,,Pension; Unorganized Workers; Bank Account Holders,"Atal Pension Yojana (APY) is an old age income security scheme for a savings account holder in the age group of 18-40 years, who is not an income tax-payee. It helps to address longevity risks among workers in unorganized sector and encourages the workers to voluntarily save for retirement."
asiim,Ambedkar Social Innovation and Incubation Mission (ASIIM),ASIIM,Central,Individual,Business & Entrepreneurship; Skills & Employment,Ministry Of Social Justice and Empowerment,,Entrepreneurship; Innovation; Youth; Scheduled Caste; Student; Incubation; Startup,"The scheme aims to boost entrepreneurship and innovation among SC students and SC differently-abled youth by providing focused support to translate innovative, technology-oriented business ideas into successful commercial enterprises. It offers equity funding and hand-holding support."
astpss,AICTE SHORT TERM TRAINING PROGRAMME-SFURTI SCHEME,ASTPSS,Central,Infra,Education & Learning,Ministry of Education,,Trainings; Financial Assistance; AICTE,Short Term Training Programme-SFURTI Program aims to provide financial assistance from AICTE to the institutions for conducting faculty and student trainings to enable faculty members and students in the field of technical education.
asttpsu,"AICTE-SHORT TERM TRAINING PROGRAMME (STTP) (UT-J&K,LADAKH AND NER)",ASTTPSU,Central,Infra,Education & Learning,Ministry of Education,,Financial Assistance; Technical Education; Faculty Training,AICTE-Short Term Training Program (STTP) intends to conduct faculty training through financial assistance from AICTE to enable faculty members in the field of technical education.
asyadcf,Award Of Scholarships To Young Artists In Different Cultural Fields,ASYADCF,Central,Individual,Sports & Culture; Education & Learning,Ministry Of Culture,,Scholarship; Young Artists; Culture; Advanced Training; Music; Dance,"This Scheme seeks to give assistance to young artistes of outstanding promise for advanced training within India in the field of Indian Classical Music, Indian Classical Dance, Theatre, Mime, Visual art, Folk, Traditional and Indigenous Arts and Light Classical Music."
asyaph,Ayurswasthya Yojana: AYUSH and Public Health,ASYAPH,Central,Infra,Health & Wellness,Ministry Of Ayush,,AYUSH; Public Health Intervention; Community Health Care,"The scheme-component aims to promote AYUSH-based interventions to improve community health outcomes by supporting preventive, promotive, curative, and rehabilitative healthcare services."
asyasm,Ayurswasthya Yojana: AYUSH for Sports Medicine,ASYASM,Central,Infra,Health & Wellness,Ministry Of Ayush,,Sports Medicine; AYUSH Intervention; Athlete Health; Sports Injury Treatment; Rehabilitation; Fitness Promotion,The scheme-component aims to promote AYUSH interventions for the treatment and rehabilitation of sports injuries and to enhance health and fitness among sports persons.
asycoe,Ayurswasthya Yojana: Up-gradation of Facilities to Centre of Excellence (CoE),ASYCOE,Central,Infra,Health & Wellness,Ministry Of Ayush,,Centre Of Excellence; AYUSH Infrastructure; Tertiary Healthcare; Institutional Upgradation,"The scheme-component aims to support the establishment and up-gradation of reputed institutions to Centres of Excellence for strengthening AYUSH education, research, innovation, and advanced healthcare services."
atbwt,AICTE-Technical Book Writing & Translation Scheme,ATBWT,Central,Individual,Education & Learning,Ministry of Education,,Technical Book Writing; Translation; Financial Support; Remuneration,AICTE-Technical Book Writing & Translation scheme has been launched by the All India Council for Technical Education (AICTE) to promote the use of 'Scheduled Regional Language' in Technical Education for creating knowledge base in local language.
atestas,Awarding Teleeducation Scholarships To Afghan Students,ATESTAS,Central,Individual,Education & Learning,Ministry Of External Affairs,,Higher Studies; Afghanistan; Scholarship; Education; E-Learning,"The ""Awarding Teleeducation Scholarships To Afghan Students"" scheme under e-VidyaBharati Network Project, launched by the Ministry of External Affairs, offers 1000 annual scholarships to Afghan students for UGC-approved online UG and PG programs from Indian universities."
ati,Assistance to Training Institutions Scheme,ATI,Central,Infra,Business & Entrepreneurship; Skills & Employment,"Ministry Of Micro, Small and Medium Enterprises",,Training; ATI; MSME; EDI; Financial Assistance,"The scheme aims to provide financial assistance for creation, strengthening, and expansion of training institutions under MSME for skill development and entrepreneurship training."
atppe,AICTE-Training programs for Physical Education Trainers/Sport-Games Teachers/Director of Sports,ATPPE,Central,Infra,Education & Learning,Ministry of Education,,Training; Physical Education; Sport Games; Physical Fitness,"Training programs for Physical Education Trainers/Sport-Games Teachers/Director of Sports, aims to support institution in conducting trainings to develop the skill of the participants to involve the masses in traditional sports/games and fun games for physical activity through recreation."
atuf,Amended Technology Upgradation Fund,ATUF,Central,Infra,"Banking,Financial Services and Insurance; Skills & Employment",Ministry Of Textiles,,Investment; Employment; Productivity; Import; Export,"The Ministry of Textiles introduced the Amended Technology Upgradation Fund Scheme (ATUFS). This scheme aims to facilitate investment, employment, productivity, quality and import and export substitution in the textile industry."
atujtfl,AICTE- Technical University Joint Training Programs for Librarians,ATUJTFL,Central,Infra,Education & Learning,Ministry of Education,,Training; Librarians; Technical University,"AICTE- Technical University Joint Training Programs for Librarians, aims to provide financial assistance in conducting training to librarians to prepare them for being successful and effective in a knowledge society."
avopolfl,Assistance to Voluntary Organisations for Promotion of the Official Languages in the Field of Law,AVOPOLFL,Central,Individual,"Public Safety,Law & Justice; Science, IT & Communications",Ministry Of Law and Justice,,Institution; Language; Legal; Literature; Law; Books,"The scheme aims to propagate and develop literature in the field of law in Hindi and other regional languages. It provides financial grants to voluntary organisations for publishing legal books, commentaries, and journals."
avowwobc,Assistance to Voluntary Organizations Working for Welfare of OBCs,AVOWWOBC,Central,Individual,Education & Learning; Social welfare & Empowerment; Skills & Employment,Ministry Of Social Justice and Empowerment,,Empowerment; Other Backward Class; NGO; Empolyment,"The ""Assistance to Voluntary Organizations Working for Welfare of OBCs"" scheme aims to involve the voluntary sector in improving the educational and socio-economic conditions of the target group i.e. OBCs to upgrade skills to enable them to start income-generating activities on their own."
avts,Advanced Vocational Training Scheme,AVTS,Central,Individual,Skills & Employment,Ministry Of Skill Development And Entrepreneurship,,Training Courses; Short Term Skill; Industry Relevant Courses; Skill Upgradation; Hostel Facility; Tailor Course,"The scheme aims to provide innovative, effective and integrated training opportunities for work force who need new skills to enjoy the dignity that comes with employment, independence and self-reliance."
avyay-napsc-hssc,AVYAY - National Action Plan for Senior Citizens: Health and Shelter for Senior Citizens,AVYAY-NAPSC-HSSC,Central,Individual,Housing & Shelter; Social welfare & Empowerment; Health & Wellness,Ministry Of Social Justice and Empowerment,,Shelter; Healthcare; Welfare; Senior Citizen; Health,"The scheme aims to improve the quality of life of Senior Citizens, particularly those who are indigent, by providing basic amenities like shelter, food, medical care and entertainment opportunities. The scheme provides financial assistance for projects such as maintenance of Senior Citizen Homes."
ay,Agnipath Yojana,AY,Central,Individual,Skills & Employment,Ministry Of Defence,,Youth; Armed Forces; Military; Agniveer; Employment; Indian Navy; Indian Air Force; Indian Army,"A welfare scheme by the Department of Military Affairs, MoD under which rigorous military training will be imparted to the youth aged between 17.5 to 23 years and meeting other educational, physical, and medical criteria, who are aspirational to be a part of the armed forces."
ayuvfak,"AICTE - YOUTH UNDERTAKING VISIT FOR ACQUIRING KNOWLEDGE (YUVAK): STUDY TOUR OF ATAL TUNNEL, HIMACHAL PRADESH",AYUVFAK,Central,Infra,Education & Learning,Ministry of Education,,Study Tour Of Atal Tunnel; Financial Gran,The scheme is intended for providing Financial Grant for conducting a Study Tour of ATAL TUNNEL by Students / faculty of AICTE approved Institutions in the field of technical education.
bfa,Buti Foundation Award,BFA,Central,Individual,Skills & Employment; Education & Learning,Ministry Of Science And Technology,,Award; Scientist; Engineer; Research,"The Buti Foundation Award, established in 2007 by the Buti Foundation, New Delhi, is a biennial award recognizing innovative and outstanding research in the field of Plasma Science & Technology. The award aims to honor a Scientist/Engineer under the age of 45 years for their significant contribution"
bgcrs,Bank Guarantee Charges Reimbursement Scheme,BGCRS,Central,Infra,Business & Entrepreneurship,"Ministry Of Micro, Small and Medium Enterprises",,Financial Assistance; Reimbursement; Business; Enterpreneurship,"Under the Ministry Of Micro, Small & Medium Enterprises, Bank Guarantee Charges Reimbursement Scheme is a sub scheme under National Scheduled Caste and Scheduled Tribe Hub (NSSH) scheme."
bhmnsp,Begum Hazrat Mahal National Scholarship Program,BHMNSP,Central,Individual,Education & Learning,Ministry Of Minority Affairs,,Scholarship; Student; Financial Assistance; Minority,Begum Hazrat Mahal National scholarship is a scholarship scheme also known as Maulana Azad National scholarship scheme was first announced on 3rd May 2003. It is a national level scholarship started for the benefit of the girl’s student belonging to the minority communities.
big,Biotechnology Ignition Grant Scheme,BIG,Central,Individual,Business & Entrepreneurship,Ministry Of Science And Technology,,Biotechnology; Ignition Grant; BIRAC; BIG; Entrepreneur; Start-up,The “Biotechnology Ignition Grant Scheme (BIG)” is a flagship scheme of BIRAC which recognizes and invests in innovative ideas in the biotech sector. BIG scheme supports individual entrepreneurs/ start-ups from ideation to Proof of Concept.
bio-ride,Biotechnology Research Innovation And Entrepreneurship Development (Bio-RIDE),BIO-RIDE,Central,Individual,"Science, IT & Communications; Education & Learning",Ministry Of Science And Technology,,Institution; Research; Grant; Incubation; Mentorship; Innovation; Entrepreneurship,"The scheme aims to foster innovation, promote bio-entrepreneurship, and strengthen India's position as a global leader in biomanufacturing and biotechnology. It provides seed funding, extramural grants, and infrastructure support to startups, enterprises, industries, and academia."
biocare,Biotechnology Career Advancement And Re-orientation (BioCARe) Programme For Women Scientists,BIOCARE,Central,Individual,Education & Learning; Women and Child,Ministry Of Science And Technology,,Bio-Technology; Research; PhD; Women; Scientist,"Biotechnology Career Advancement and Re-orientation (BioCARe) Programme, a special scheme of the Department of Biotechnology (DBT), Ministry of Science & Technology, the government of India aims to enhance the participation of women scientists in India towards research in Biotechnology."
biracisf,BIRAC Incubator SEED Fund (SEED),BIRACISF,Central,Individual,"Science, IT & Communications",Ministry Of Science And Technology,,SEED Fund; Startups; Biotech; Businesses,The BIRAC Incubator SEED Fund (SEED) provides early-stage funding through incubators to biotech startups so they can develop their ideas into viable products and launch successful businesses.
bnpfrs,Bank Loan Processing Fee Reimbursement Scheme,BNPFRS,Central,Infra,Business & Entrepreneurship,"Ministry Of Micro, Small and Medium Enterprises",,Financial Assistance; Entrepreneurship; MSME; Reimbursement,"The Bank Loan Processing Fee Reimbursement Scheme comes under the purview of the Ministry of Micro, Small and Medium Enterprises (MSME) of the Government of India."
bsa,Bharat Steel Awards,BSA,Central,Infra,Business & Entrepreneurship,Ministry Of Steel,,Indian Steel Company; Award; Steel Production; Trophy; Cash Prize,"The scheme aims to recognise excellence and outstanding contributions in the Indian steel sector. Through this scheme, awards and incentives are provided to eligible steel companies and individuals."
bsrfssugc,BSR Fellowship Scheme for Science Students - UGC,BSRFSSUGC,Central,Individual,Education & Learning,Ministry of Education,,Research; Fellowship; Science; PhD; UGC; BSR; Student,The objective of the scheme is to provide opportunities to meritorious candidates to undertake advanced studies and research leading to Ph.D. degrees in sciences.
bsrs,UGC-BSR Faculty Fellowship Scheme,UGCBSRFFS,Central,Individual,Education & Learning,Ministry of Education,,Research; Fellowship; Science; PhD; UGC; BSR; Technology; Associate Professor; Professor,The scheme aims to strengthen basic science research by allowing talented professors nearing superannuation to continue research and mentor Ph.D. students. It provides a monthly fellowship and an annual research grant for 3 years.
bydbta,Bima Yojana - Direct Benefit to Artisan,BYDBTA,Central,,"Sports & Culture; Banking,Financial Services and Insurance",Ministry Of Textiles,,Artisans; Insurance; Handicrafts; Financial Assistance,"Launched on 15th August 2022, the scheme ""Bima Yojana - Direct Benefit to Artisan (BYDBTA)"" is a Social Welfare Scheme by the Ministry of Textiles, Government of India."
cas,Centenaries and Anniversaries Scheme,CAS,Central,Individual,"Banking,Financial Services and Insurance",Ministry Of Culture,,Grant In Aid; Financial Assistance; Commemorate Centenaries; Eminent Personalities Anniversaries; Historical Events; National Events,"The scheme aims to identify, support, and commemorate centenaries and special anniversaries of eminent personalities and events of historical and national importance under approved Commemorations."
cbsp-ep,Capacity Building For Service Providers - Entrepreneurship Programme,CBSP-EP,Central,,Skills & Employment,Ministry Of Tourism,,Entrepreneurship; Training; Skill,"The scheme ""Entrepreneurship Programme"" is a Suo-Moto Sub-Scheme of the Ministry of Tourism under the Umbrella Scheme of ""Capacity Building for Service Providers"". In this scheme financial assistance is provided to the institutes (given below) to conduct entrepreneurship development programs."
cbsp-stc,Capacity Building For Service Providers - Skill Testing & Certification,CBSP-STC,Central,Infra,Skills & Employment,Ministry Of Tourism,,Tourism; Skill; Training; Employment,"The scheme ""Skill Testing & Certification"" is a Suo-Moto Sub-Category of Programmes under the Umbrella Scheme of ""Capacity Building for Service Providers"", Ministry of Tourism. In this scheme, financial assistance is provided to conduct Skilling and Re-Skilling Programmes."
cbssc-msy,Mahila Samriddhi Yojana,NSFDC-MSY,Central,Individual,"Business & Entrepreneurship; Banking,Financial Services and Insurance; Social welfare & Empowerment; Women and Child",Ministry Of Social Justice and Empowerment,,Empowerment; SHG Women; Financial Inclusion Women,"This is a micro-financing programme aiming towards the empowerment of women from underprivileged backgrounds or economically backward areas. Through this scheme, these women can apply for a loan at a nominal interest rate to fulfil their dreams and goals and gain financial independence."
cbssc-tl,Credit Based Schemes For SC - Term Loan (TL),CBSSC-TL,Central,Infra,"Business & Entrepreneurship; Banking,Financial Services and Insurance; Social welfare & Empowerment",Ministry Of Social Justice and Empowerment,,Entrepreneur; Scheduled Caste; Socities; Companies,"The scheme aims to provide financial assistance for viable income-generating activities of Scheduled Caste beneficiaries. Through this scheme, term loans of up to 95% of the project cost are provided for projects costing up to ₹50,00,000/-."
ccsnfpfscsmap,Central Sector Scheme of National Fellowship for Providing Fellowship to Scheduled Caste Students to Pursue M.Phil. & PhD,CCSNFPFSCSMAP,Central,Individual,Education & Learning; Social welfare & Empowerment,Ministry Of Social Justice and Empowerment,,Fellowship; Scheduled Caste; Research; Social Justice; PhD,"The scheme provides opportunities to Scheduled Castes students to pursue higher education leading to M.Phil/Ph.D degrees in Sciences, Humanities and Social Science streams. The objective of the scheme is to provide fellowships in the form of financial assistance to SC students."
cdpnercc,Coffee Development Programme in North Eastern Region: Consolidation of Coffee,CDPNER:CC,Central,Individual,"Agriculture,Rural & Environment",Ministry Of Commerce And Industry,,Agriculture; Farmer; Subsidy; DBT; Financial Assistance,"The scheme ""Consolidation of Coffee"" aims to increase the productivity of the existing coffee holdings by gap filling or rejuvenation, followed by improved cultivation methods such as application of compost, bush management, shade management, pest and disease control, etc."
cdpnerec,Coffee Development Programme in North Eastern Region: Expansion of Coffee,CDPNER:EC,Central,Individual,"Agriculture,Rural & Environment",Ministry Of Commerce And Industry,,Agriculture; Farmer; DBT; Subsidy,"The scheme ""Coffee Development Programme in North Eastern Region: Expansion of Coffee"" by the Coffee Board, Department of Commerce, Ministry of Commerce and Industry, aims to facilitate afforestation in the Jhum lands and help settle the tribals on a permanent footing."
cdpnerqucdy,Coffee Development Programme in North Eastern Region: Quality Upgradation / Certification: Drying Yards,CDPNER:QUC:DY,Central,Individual,"Agriculture,Rural & Environment",Ministry Of Commerce And Industry,,Agriculture; Farmer; Subsidy; DBT,"The scheme ""Quality Upgradation / Certification: Drying Yards"" aims to facilitate the improvement of the quality of coffee produced by growers by encouraging them to establish infrastructure for quality enhancement and obtain certification for their coffees, enabling them to earn better returns."
cdpnerqucsbp,Coffee Development Programme in North Eastern Region: Quality Upgradation / Certification: Supply of Baby Pulpers,CDPNER:QUC:SBP,Central,Individual,"Agriculture,Rural & Environment",Ministry Of Commerce And Industry,,Agriculture; Farmer; Subsidy; DBT,"The scheme ""Supply of Baby Pulpers"" aims to facilitate the improvement of the quality of coffee produced by growers by encouraging them to establish infrastructure for quality enhancement and obtain certification for their coffees, enabling them to earn better returns."
cdpnerqucsecoc,Coffee Development Programme in North Eastern Region: Quality Upgradation / Certification: Support for Eco-Certification / Organic Certification,CDPNER:QUC:SECOC,Central,Infra,"Agriculture,Rural & Environment",Ministry Of Commerce And Industry,,Agriculture; Farmer; Subsidy; DBT,The scheme aims to encourage coffee growers to improve quality for higher returns and improve access to high-value specialty markets through the production of eco-certified coffees. It also encourages small growers to form groups/collectives to take up eco-certification.
cdpnersgn,Coffee Development Programme in North Eastern Region: Support for Group Nurseries,CDPNER:SGN,Central,Infra,"Agriculture,Rural & Environment",Ministry Of Commerce And Industry,,Agriculture; Farmer; Subsidy; Financial Assistance; DBT,"The scheme ""Coffee Development Programme in North Eastern Region: Support for Group Nurseries"" by the Coffee Board, Department of Commerce, Ministry of Commerce and Industry, aims to provide growers with high-quality coffee seedlings to ensure the proper establishment of plantations."
cdpnerwa,Coffee Development Programme in North Eastern Region: Water Augmentation,CDPNER:WA,Central,Individual,"Agriculture,Rural & Environment",Ministry Of Commerce And Industry,,Agriculture; Farmer; Subsidy; DBT,"The scheme ""Coffee Development Programme in North Eastern Region: Water Augmentation"" aims to improve the productivity and quality of coffee by facilitating the creation of infrastructure for water augmentation for irrigation and wet processing of coffee."
cegssc,Credit Enhancement Guarantee Scheme For The Scheduled Castes,CEGSSC,Central,Infra,"Business & Entrepreneurship; Banking,Financial Services and Insurance; Social welfare & Empowerment",Ministry Of Social Justice and Empowerment,,Entrepreneur; Scheduled Caste; Companies; Societies,"The scheme aims to promote entrepreneurship, financial inclusion, and employment generation among Scheduled Castes. Through this scheme, credit enhancement guarantees are provided to banks and financial institutions financing eligible Scheduled Caste entrepreneurs."
cfpgs,Cultural Function And Production Grant Scheme,CFPGS,Central,Infra,Sports & Culture,Ministry Of Culture,,Cultural Function; Cultural Production; Financial Assistance; NGO,"The scheme covers all ‘not-for-profit’ organizations, NGOs, Societies, Trusts, and Universities for supporting Seminars, Conference, Research, Workshops, Festivals, Exhibitions, Symposia, Drama-Theatre, Music, etc., and small research projects on different aspects of Indian Culture."
cgss,Credit Guarantee Scheme for Startups,CGSS,Central,Infra,Business & Entrepreneurship,Ministry Of Commerce And Industry,,Startup; Credit Guarantee; Collateral-Free Laon; NCGTC; DPIIT,"Under this scheme to improve access to collateral-free debt funding for DPIIT-recognised startups by providing credit guarantees on eligible loan and debt facilities, thereby encouraging institutional lending and supporting startup growth and innovation."
chcdp,Comprehensive Handicrafts Cluster Development Scheme,CHCDS,Central,Infra,Skills & Employment; Business & Entrepreneurship,Ministry Of Textiles,,Skill Development; Infrastructural Support; Technology Upgradation; Market Access,"The scheme aims to provide financial assistance, infrastructure development, skill upgradation, and market linkage support to artisans, craftsmen, and cluster-based enterprises."
chobcbg,Construction of Hostels for OBC Boys and Girls,CHOBCBG,Central,Individual,Housing & Shelter,Ministry Of Social Justice and Empowerment,,Construction Of Hostels; OBC; Central Universities; Funding For Construction,"The Scheme aims at providing hostel facilities to students belonging to socially and educationally backward classes, especially from rural areas, to enable them to pursue secondary and higher education."
cife-if,CIFE - Institutional Fellowship,CIFE - IF,Central,Individual,Education & Learning,Ministry Of Agriculture and Farmers Welfare,,CIFE; Institutional; Fellowship,"From the year 2010 onwards, the division is offering Masters and PhD in two disciplines namely Fish Nutrition and Feed Technology and Fish physiology and Biochemistry with an objective of moulding professionals with fundamental and advanced knowledge and expertise."
clssmig,Credit Linked Subsidy Scheme for Middle Income Group,CLSSMIG,Central,Family,Housing & Shelter,Ministry Of Housing & Urban Affairs,,Credit Linked; Subsidy; Loan; House; MIG; CLSS,"Under Credit Linked Subsidy Scheme, beneficiaries of Middle-Income Group (MIG) can seek housing loans from Banks, Housing Finance Companies and other such institutions for acquisition/ construction of house (including re-purchase)."
cmhtp-crwtp-smile,Support for Marginalized Individuals for Livelihood and Enterprise (SMILE): Composite Medical Health for Transgender Persons,CMHTP-CRWTP-SMILE,Central,Individual,Social welfare & Empowerment; Health & Wellness,Ministry Of Social Justice and Empowerment,,Transgender; Healthcare; Insurance; Surgery; Medical; Health,The scheme aims to provide health Insurance coverage to all Transgender persons living in India to improve their health condition through proper treatment including sex re-assignment surgeries as well as medical support. The scheme provides health insurance in the form of Ayushman Bharat Plus.
cnspnaw,Nari Shakti Puraskar - National Award for Women,NSP-NAW,Central,Individual,Women and Child,Ministry of Women and Child Development,,Woman; Nari Shakti; Puraskar; Award; Women Empowerment,"The award aims to acknowledge the achievements of women & recognize their contributions to society and the nation. The award is conferred annually on individuals in recognition of their exceptional service towards the cause of women’s empowerment, particularly for vulnerable and marginalized women."
copy-of-pmrc-hi,Prime Minister Research Chair (PMRC) Scheme - For Host Institutions,PMRC-HI,Central,Individual,Education & Learning,Ministry of Education,,Scientist; Researcher; National Laboratories; Host Institution; Professional; Research; Research Institutions,"The scheme is a flagship national initiative that aims to attract & engage leading Indian-origin researchers, scientists & professionals from abroad & place them at premier government higher education institutions & national research laboratories in India to undertake cutting-edge research."
cpds,Chemical Promotion Development Scheme,CPDS,Central,Individual,"Science, IT & Communications; Skills & Employment",Ministry Of Chemicals And Fertilizers,,Research; Grant; Award; Seminar; Workshop; Conference,"The scheme aims to facilitate the growth and development of the chemicals and petrochemicals industry through knowledge creation, dissemination, and excellence awards. It provides Grants-in-Aid to organisations and industry associations for conducting studies, seminars, and workshops."
cpis,Coconut Palm Insurance Scheme,CPIS,Central,Individual,"Agriculture,Rural & Environment; Banking,Financial Services and Insurance",Ministry Of Agriculture and Farmers Welfare,,Coconut; Palm; Insurance; Farmer; Coconut Grower,"The “Coconut Palm Insurance Scheme (CPIS)” is being implemented by the Coconut Development Board, Ministry of Agriculture and Farmers Welfare, Government of India with the objective of insuring coconut palms against natural calamities, climatic risks, pests, diseases, and other perils."
crs,Collaborative Research Scheme (CRS),CRS,Central,Infra,Education & Learning,Ministry of Education,,Technical Education; Research Grant; Financial Assistance,"Collaborative Research Scheme (CRS) has been introduced by the All India Council for Technical Education to support innovation & research across institutes with collaboration among TEQIP Faculty, Regular faculty of Project institutions (focus and non-focus) & Premier institutions of the country."
crss,Supporting Community Radio Movement in India,CRSS,Central,Infra,Social welfare & Empowerment,Ministry Of Information And Broadcasting,,Community Radio Stations; NGOs Operating CRS; Educational Institutions Operating CRS,"The GOI has a policy for grant of License to eligible organisations for setting up of Community Radio Stations. To support the Sector, the Scheme provides financial assistance once the Community Radio is made operational by eligible organisation. The Scheme also has components for capacity building."
csmsu,Coaching Schemes For Sc/st/obc (non-creamy Layer) & Minority Students For Universities,Csmsu,Central,Individual,Education & Learning; Social welfare & Empowerment,Ministry Of Minority Affairs,,Coaching; Scheduled Caste; Scheduled Tribe; Other Backward Classes; Students,"Coaching schemes for students belonging to SC (Scheduled Caste), ST (Scheduled Tribe), OBC (Other Backward Classes) (non-creamy layer), and minority communities are implemented to provide them with equal opportunities and support in pursuing higher education."
css-nos-st,National Overseas Scholarship For Scheduled Tribes (ST) Students,NOS-ST,Central,Individual,Education & Learning,Ministry Of Tribal Affairs,,Higher Education; Scholarship Scheme; Overseas; Financial Assistance,"A scholarship scheme by the Ministry of Tribal Affairs for regular, full-time ST students to obtain higher education (post-graduate courses viz. Masters, Ph.D. and Post-Doctoral Research) from foreign institutes/universities. The Scheme is implemented through the Indian Embassies."
css-umscs,Centrally Sponsored Scheme of Upgradation of Merit of Scheduled Caste Students,CSS-UMSCS,Central,Individual,Social welfare & Empowerment; Education & Learning,Ministry Of Social Justice and Empowerment,,Student; School; Education; Scholarship; Merit,"The scheme aims to upgrade the merit of Scheduled Caste students by providing them with facilities for all round development through education in residential or non-residential schools, addressing their educational deficiencies that prevent them from taking advantage of reservation quotas."
cssipcra1scstpaa1,"Centrally Sponsored Scheme for Implementation of the Protection of Civil Rights Act, 1955 and the Scheduled Castes and the Scheduled Tribes (Prevention of Atrocities) Act, 1989",CSSIPCRA1SCSTPAA1,Central,Individual,Social welfare & Empowerment,Ministry Of Social Justice and Empowerment,,Scheduled Caste; Scheduled Tribe; Relief; Rehabilitation; Marriage; Court,"The scheme aims to ensure effective implementation of Protection of Civil Rights Act, 1955 and Prevention of Atrocities Act, 1989. It provides relief, rehabilitation, and support to Scheduled Castes and Scheduled Tribes victims of atrocities and incentives for inter-caste marriages."
csspostmsossi,Centrally Sponsored Scheme of Post-Matric Scholarship for OBC Students for studying in India,CSSPOSTMSOSSI,Central,Individual,Education & Learning; Social welfare & Empowerment,Ministry Of Social Justice and Empowerment,,Scholarship; Other Backward Class; OBC; DBT; Post-Matric; Education,The objective of the scheme is to provide financial assistance to OBC students studying at the post-matriculation or post-secondary stage to enable them to complete their education. These scholarships shall be available for studies in India only and will be disbursed via Direct Benefit Transfer.
csspremsobcsi,Centrally Sponsored Scheme of Pre-matric Scholarship to Other Backward Classes (OBC) for Studies in India,CSSPREMSOBCSI,Central,Individual,Social welfare & Empowerment; Education & Learning,Ministry Of Social Justice and Empowerment,,Scholarship; Other Backward Class; OBC; Pre-Matric; Student,"""Centrally Sponsored Scheme of Pre-matric Scholarship to Other Backward Classes for Studies in India"" is a Scholarship Scheme by the Ministry of Social Justice and Empowerment. The objective is to award scholarships to school-going children of poorer OBC parents."
cssrbl,Central Sector Scheme for Rehabilitation of Bonded Labourer,CSSRBL,Central,Individual,Social welfare & Empowerment,Ministry Of Labour and Employment,,Rehabilitation; Labour; DBT; Trafficking; Social Justice,"The scheme addresses eradicating bonded labour in India. It introduces varying rehabilitation assistance amounts based on beneficiary categories, such as adults, children, women, and extreme cases, with provisions for annuity schemes and Direct Benefit Transfer."
csss-cus,Pradhan Mantri Uchchatar Shiksha Protsahan (PM-USP) Central Sector Scheme of Scholarship for College and University students,PM-USP-CSSS,Central,Individual,Education & Learning,Ministry of Education,,Scholarship; Student; Financial Assistance; College; University,A scholarship scheme by the Dept. of Higher Education to provide financial assistance to meritorious students from poor families to meet a part of their day-to-day expenses while pursuing higher studies. The scholarships are awarded on the basis of results of Higher Secondary / Class 12th Board Exam
ctms,Consortia & Tender Marketing Scheme,CTMS,Central,Infra,Business & Entrepreneurship,"Ministry Of Micro, Small and Medium Enterprises",,Goods And Services Marketing; Turnkey Projects; Machinery And Technology; NSIC,"The scheme aims to facilitate Micro and Small Enterprises (MSEs) in marketing their products and services through individual or collective participation in tenders via consortia. It helps MSEs secure bulk orders, improve competitiveness, and access government procurement opportunities."
cts-msde,Craftsmen Training Scheme,CTS-MSDE,Central,Individual,Skills & Employment,Ministry Of Skill Development And Entrepreneurship,,Craftsmen; Training; Skill; Employment; Youth,The scheme aims to ensure steady flow of skilled workers in different trades for domestic industry and reduce unemployment among educated youth. It provides systematic vocational training through Industrial Training Institutes and National Skill Training Institutes across India.
cuy,Coir Udyami Yojana,CUY,Central,Individual,Business & Entrepreneurship,"Ministry Of Micro, Small and Medium Enterprises",,Credit Linked Subsidy; Coir Production; Enterprises; Coir Board,"The scheme ""Coir Udyami Yojana"" by the Coir Board, Ministry of MSME, Government of India, aims to modernize the coir industry and generate rural employment. It offers credit-linked financial assistance to establish coir units by eligible applicants."
cvcis,Central Vigilance Commission (CVC) Internship Scheme,CVCIS,Central,Individual,Education & Learning,"Ministry Of Personnel, Public Grievances And Pensions",,Internship; Law; Information Technology; Student; Vigilance,"CVC initiated an Internship Scheme in the year 2016. This Scheme seeks to engage Indian Nationals, who are Graduates (awaiting final year results) /Post Graduate or Research Students enrolled in reputed Universities/Institutions in India or abroad."
cvy-citus,Coir Vikas Yojana- Coir Industry Technology Upgradation Scheme,CVY-CITUS,Central,Infra,Business & Entrepreneurship; Skills & Employment,"Ministry Of Micro, Small and Medium Enterprises",,Coir; Coir Industry; Technology Upgradation; MSME; CITUS,"The scheme “Coir Industry Technology Upgradation Scheme (CITUS)” is a component of “Coir Vikas Yojana” and the scheme was launched by Ministry of Micro, Small & Medium Enterprises, Government of India."
cvy-emps,Coir Vikas Yojana- Export Market Promotion Scheme,CVY-EMPS,Central,Infra,Business & Entrepreneurship,"Ministry Of Micro, Small and Medium Enterprises",,Coir Board; Coir; Export; Promotion; MSME; Entrepreneur; Exporter,Coir Board is implementing the Central Sector Scheme “Export Market Promotion Scheme” with a view to improve the export performance of Indian Coir Sector through various export market promotion activities.
cvy-sumcy,Coir Vikas Yojana-Skill Upgradation and Mahila Coir Yojana,CVY-SUMCY,Central,Infra,Business & Entrepreneurship; Skills & Employment,"Ministry Of Micro, Small and Medium Enterprises",,Coir; Skill Upgradation; Mahila; MSME; Stipend; Training; Entrepreneur; Self-employment,"The scheme “Skill Upgradation and Mahila Coir Yojana” is a component of “Coir Vikas Yojana” and the scheme was launched by the Ministry of Micro, Small & Medium Enterprises, Government of India."
dacssiselosobcebc,Dr Ambedkar Central Sector Scheme of Interest Subsidy on Educational Loans for Overseas Studies for Other Backward Classes (OBCs) and Economically Backward Classes (EBCs),DACSSISELOSOBCEBC,Central,Individual,"Education & Learning; Social welfare & Empowerment; Banking,Financial Services and Insurance",Ministry Of Social Justice and Empowerment,,Loan; Subsidy; Interest; Education; Other Backward Class; Economically Backward Class,"The scheme provides interest subsidy to the students belonging to the OBCs and EBCs on the interest payable for the period of the moratorium for the Education Loans for overseas studies to pursue approved courses of studies abroad at Masters, M.Phil. and PhD level."
dacsspostmsebcs,Dr. Ambedakar Centrally Sponsored Scheme of Post-Matric Scholarships for the Economically Backward Class (EBC) Students,DACSSPOSTMSEBCS,Central,Individual,Education & Learning; Social welfare & Empowerment,Ministry Of Social Justice and Empowerment,,Scholarship; Post Matric; Economically Backward Class; EBC; Student,The objective of the scheme is to provide financial assistance to the Economically Backward Class (EBC) students studying at the post-matriculation or post-secondary stage to enable them to complete their education. These scholarships shall be available for studies in India only.
daehsc,DAE-Homi Sethna Chair (DAE-HSC),DAEHSC,Central,Individual,"Science, IT & Communications",PMO,,Retired Scientists; Retired Engineers; Research And Development; Atomic Energy; Nuclear Power,"The scheme aims to utilize the expertise of retired scientists, engineers, and technologists by providing honorarium and research support for carrying out research and development activities in identified areas of the Department of Atomic Energy."
day-nrlm,Deendayal Antyodaya Yojana - National Rural Livelihoods Mission,DAY-NRLM,Central,Infra,Social welfare & Empowerment; Skills & Employment,Ministry Of Rural Development,,Loan; Skill; Employment; SHG,"DAY-NRLM is the flagship program of MoRD for promoting poverty reduction through building strong institutions for the poor, particularly women, and enabling these institutions to access a range of financial services and livelihoods. States are enabled to formulate their poverty reduction plans."
dcpf,AICTE - Distinguished Chair Professor Fellowship,DCPF,Central,Individual,Education & Learning,Ministry of Education,,Fellowship; Financial Assistance; Research,"The fellowship intends to utilize the expertise of highly qualified and experienced superannuated professionals who have made an unparalleled, exceptional professional contribution to society in their respective fields/disciplines."
dddrs,Deen Dayal Disabled Rehabilitation Scheme,DDDRS,Central,Infra,Housing & Shelter,Ministry Of Social Justice and Empowerment,,Training; Pre-School; Special Schools,"The umbrella Central Sector Scheme of this Ministry called the ""Scheme to Promote Voluntary Action for Persons with Disabilities"" was revised w.e.f. 01.04.2003 and was renamed as the ""Deendayal Disabled Rehabilitation Scheme (DDRS)"""
ddskpdfs,Dr. D.S. Kothari Post Doctoral Fellowships In Sciences,DDSKPDFS,Central,Individual,"Education & Learning; Science, IT & Communications",Ministry of Education,,Fellowship; Science; DS Kothari; Post Doctoral; PhD; Unemployed,"Dr. D.S. Kothari Post Doctoral Fellowships in Sciences was introduced by the UGC. In addition to the existing RA/PDF positions provided by various funding agencies, a need was felt for a PDF scheme running in a flexible mode, with fast track, online handling, and decision-making."
ddskrgnrfm,Dr. D.S. Kothari Research Grant For Newly Recruited Faculty Members,DDSKRGNRFM,Central,Individual,Education & Learning,Ministry of Education,,Research; Faculty; Grant; Institutes; Colleges,"The scheme ""Dr. D.S. Kothari Research Grant for Newly Recruited Faculty Members"" is a research grant scheme by the University Grants Commission (UGC), Department of Higher Education (DoHE). The purpose of the research grant is to provide opportunities to regularly appointed faculty members."
ddsy,Deen Dayal SPARSH Yojana (Scholarship For Promotion Of Aptitude & Research In Stamps As A Hobby),DDSY,Central,Individual,"Science, IT & Communications; Education & Learning",Ministry Of Communication,,Scholarship; Post; Student; Pre-Matric,"""Deen Dayal SPARSH Yojana"" awards annual scholarships to students who have good academic records and are also pursuing 'Philately' as a hobby. The objective is to “Promote Philately among children at a young age in a sustainable manner that can reinforce and supplement the academic curriculum."
ddugku,Deen Dayal Upadhyay Grameen Kaushalya Yojana,DDUGKU,Central,Infra,Skills & Employment,Ministry Of Rural Development,,Skill; Training; Education; Placement; Youth; Employment,"DDU-GKY focuses on the rural poor youth and its emphasis on sustainable employment through the prominence and incentives given to post-placement tracking, retention, and career progression. DDU-GKY is designed to provide high-quality skill training opportunities to the rural poor."
deisrs,Disha - Early Intervention and School Readiness Scheme,DEISRS,Central,Individual,Social welfare & Empowerment,Ministry Of Social Justice and Empowerment,,Person With Disability; Counselling; Special Care; Child,"This scheme aims at setting up Disha Centres for early intervention for Person with Disability (PwD) in 0-10 years of age covered under the National Trust Act, through therapies, trainings and providing support to family members."
deswinternship,DESW Internship Scheme,DESWINTERNSHIP,Central,Individual,Skills & Employment,Ministry Of Defence,,Ex-Servicemen; Research; Graduate; Postgraduate; Students; Indian Youth; Interns,"The scheme aims to engage Indian Youth as interns to gain firsthand experience and understanding of welfare, healthcare, resettlement, and administrative schemes meant for Ex-Servicemen."
dfft-scheme,Domestic Funding Of Foreign Training,DFFT SCHEME,Central,Individual,Education & Learning,"Ministry Of Personnel, Public Grievances And Pensions",,Government Officers; Foreign; Training Programme; International,"The scheme ""Domestic Funding of Foreign Training (DFFT)"" is a scheme introduced by the Department of Personnel and Training, Government of India in the year 2001-02 with an objective to upgrade the knowledge & skills of Government officers."
dky,Divyangjan Kaushal Yojana,DKY,Central,Individual,Skills & Employment; Education & Learning,Ministry Of Social Justice and Empowerment,,Disability; PwD; Divyangjan; Training; Skilling; Livelihood,"The scheme aims to ensure dignified livelihood opportunities for Persons with Disabilities (PwDs) by providing industry-relevant and customized training specific to each group. The scheme provides skill development in high-growth sectors such as Information Technology, Animation, Visual Effect, etc."
doctoral-fellowship,ICSSR Doctoral Fellowship,ICSSR DOCTORAL FELLOWSHIP,Central,Individual,Education & Learning,Ministry of Education,,ICSSR Fellowships; Doctoral Fellowship; Social Science Research; PhD; Research Scholars,The Indian Council of Social Science Research (ICSSR) offers Doctoral Fellowships to support full-time Ph.D. scholars engaged in high-quality research in the field of social and human sciences. These fellowships are awarded to Indian research scholars registered in Ph.D. programs at UGC-recognized u
dot-pli-scheme,Production Linked Incentive Scheme (PLI) For Promoting Telecom & Networking Products Manufacturing In India,DOTPLI SCHEME,Central,Infra,"Science, IT & Communications",Ministry Of Communication,,Production Linked Incentive Scheme; Telecom Equipments; Networking Products; Electronic Manufacturing; Make In India,"Production Linked Incentive (PLI) Scheme aims to boost domestic manufacturing, investments and export in the telecom and networking products The PLI Scheme will be implemented within the overall financial limits of ₹ 12,195 Crores only (Rupees Twelve Thousand One Hundred and Ninety-Five Crore only)"
dpiit-is,DPIIT Internship Scheme,DPIIT-IS,Central,Individual,Education & Learning,Ministry Of Commerce And Industry,,Internship; DPIIT; Student; Under Graduate; Post Graduate; Research Scholar,DPIIT has introduced an internship scheme for students pursuing Under Graduate/Post Graduate degrees or Research Scholars enrolled in recognized universities/Institutions within India or abroad. The applicants can choose the period of their choice ranging from one/two/three months.
ds,Design Scheme Under MSME Innovative Scheme,DS,Central,Infra,Business & Entrepreneurship,"Ministry Of Micro, Small and Medium Enterprises",,Product Design; Product Development; Financial Support; Business & Entrepreneurship,Design scheme will help MSMEs to avail advice on all aspects of design. It helps MSMEs realize and achieve their design-related objectives. This specialist advice will be provided by experienced designers for new product development as well as enhancing existing product portfolio.
dsctaecc,Development Support for Coffee in Traditional Areas: Eco-certification of Coffee,DSCTA:ECC,Central,Infra,"Agriculture,Rural & Environment",Ministry Of Commerce And Industry,,Coffee; Farmer; Agriculture; Subsidy; DBT,"The objective of this scheme is to enable coffee growers to access high-value specialty markets and earn better returns by producing eco-certified coffee that meets established environmental and quality standards, ensuring transparency about the conditions under which the coffee is produced."
dsctar,Development Support for Coffee in Traditional Areas: Replantation,DSCTA:R,Central,Infra,"Agriculture,Rural & Environment",Ministry Of Commerce And Industry,,Coffee; Agriculture; Farmer; Plantation; Subsidy,"The objective of the scheme ""Development Support for Coffee in Traditional Areas: Replantation"" is to improve the production and productivity of coffee plantations by encouraging replantation of old/senile and unproductive plantations with high-yielding, disease-tolerant coffee varieties."
dsctassgcsccm,Development Support for Coffee in Traditional Areas: Support to Small Growers' Collectives/ SHGs/ Cooperatives for Coffee Marketing,DSCTA:SSGCSCCM,Central,Infra,"Agriculture,Rural & Environment",Ministry Of Commerce And Industry,,Coffee; Farmer; Agriculture; Subsidy; DBT,"The objective of the scheme is to extend support to small and tiny growers, incentivizing them to form collectives/ Self Help Groups/ Cooperatives, thus encouraging them to take up marketing of coffee produced on a community-based approach through suitable financial incentives."
dsctawa,Development Support for Coffee in Traditional Areas: Water Augmentation,DSCTA:WA,Central,Individual,"Agriculture,Rural & Environment",Ministry Of Commerce And Industry,,Coffee; Farmer; Water; Subsidy; DBT,"The scheme ""Development Support for Coffee in Traditional Areas: Water Augmentation"" by the Coffee Board, Department of Commerce, aims to improve the production and productivity of coffee plantations by encouraging water augmentation in traditional areas."
dsrupdf,Dr. S. Radhakrishnan UGC Post-Doctoral Fellowship,DSRUPDF,Central,Individual,Education & Learning,Ministry of Education,,Fellowship; Research,"The scheme ""Dr. S. Radhakrishnan UGC Post-Doctoral Fellowship"" is a fellowship scheme by the University Grants Commission (UGC), Department of Higher Education (DoHE). Post-doctoral research is an important enabling step in grooming young researchers for launching an academic/research career."
dvps,AICTE-INAE Distinguished Visiting Professorship Scheme,DVPS,Central,Individual,Education & Learning,Ministry of Education,,Fellowship; Distinguished Engineers; Engineer Scientists; Technologists; Visiting Professorship,All India Council for Technical Education (AICTE) and Indian National Academy of Engineering (INAE) distinguished visiting Professor scheme envisages promotion of industry-institute interaction.
e-nam,National Agriculture Market,E-NAM,Central,Individual,"Agriculture,Rural & Environment",Ministry Of Agriculture and Farmers Welfare,,APMC; Electronic Trading; E-payment; E-bidding,"Launched on 14th April 2016, e-NAM is a pan-India electronic trading platform that links existing mandis to create a unified online market for agricultural commodities, promoting “One Nation One Market” and enabling transparent, efficient, and nationwide agri-trade."
e-yuvasbirace-yuvafugs,E-YUVA Scheme: BIRAC’s E-YUVA Fellows (for under graduate students),E-YUVAS:BIRACE-YUVAF(UGS),Central,Individual,Education & Learning,Ministry Of Science And Technology,,E-YUVA; Fellow; Under Graduate; Student; Stipend; Research,BIRAC’s E-YUVA Fellows shall apply as a team and pursue their research work at their College/University labs and will also be allowed access to facilities at EYC and EYC Knowledge Partners as and when required.
e-yuvasbiraciffpga,E-YUVA Scheme: BIRAC’s Innovation Fellows (for post graduates and above),E-YUVAS:BIRACIF(FPGA),Central,Individual,"Science, IT & Communications",Ministry Of Science And Technology,,E-YUVA; Innovation; Fellow; Translational Research; Fellowship; Post Graduate,"BIRAC’s Innovation fellows shall apply as an individual and are required to work full time at EYC. BIRAC’s Innovation Fellows are expected to initiate biotech startups. Hence, only proposals with potential to commercialize innovative products and technologies will be considered for support."
e-yuvase-yuvac,E-YUVA Scheme: E-YUVA Centers,E-YUVAS:E-YUVAC,Central,Infra,Transport & Infrastructure,Ministry Of Science And Technology,,E-YUVA; Centers; University; Institution; Bio-incubator; Infrastructure; Equipment,E-YUVA Centers are housed within the University/Institute set-up. It acts as an anchor and extends requisite support and mentoring to students. Each EYC has a BIRAC-supported pre-incubation space which offers infrastructure and equipment for basic research and experimentation by selected students.
ecms,Electronics Component Manufacturing Scheme,ECMS,Central,Infra,"Science, IT & Communications; Business & Entrepreneurship",Ministry of Electronics and Information Technology,,Supply Chain; Manufacturing Of Electronics; Incentives; Limited Liability Partnerships; Electronics System Design; Electronics System Manufacturing,"The scheme aims to provide financial incentives for manufacturing electronic components in Bharat. Through this scheme, turnover and capital expenditure-linked incentives are provided to companies and Limited Liability Partnerships."
ecomark,Ecomark Scheme of India (ECOMARK),ECOMARK,Central,Individual,"Agriculture,Rural & Environment","Ministry Of Environment,forests and climate change",,Manufacturer; Producer; Importer; Exporter; Certification; Compliance; Recognition,"The scheme aims to encourage the demand for environment-friendly products that cause lesser adverse impacts on the environment. It provides an Ecomark label for products meeting specified environmental criteria to eligible producers, manufacturers, importers, and exporters."
eebdrp,National Livestock Mission: Establishment of Entrepreneurship for Breed Development of Rural Poultry,NLMEEBDRP,Central,Infra,"Business & Entrepreneurship; Agriculture,Rural & Environment","Ministry of Fisheries,Animal Husbandry and Dairying",,Rural Poultry; Poultry Farming; Entrepreneurship; Brooder Cum Mother Unit; Parent Farm; Rural Hatchery; Subsidy,"The scheme aims to promote entrepreneurship in rural poultry farming. Through this scheme, a 50% capital subsidy is provided for establishing Parent Farms, Rural Hatcheries, and Brooder cum Mother Units."
eebdsrs,Establishment of Entrepreneur for Breed Development in Small Ruminant Sector (Sheep and Goat Farming),EEBDSRS,Central,Individual,"Agriculture,Rural & Environment","Ministry of Fisheries,Animal Husbandry and Dairying",,Entrepreneur; Breed; Investment; Subsidy; Sheep; Goat,"The scheme for the ""Establishment of Entrepreneurs for Breed Development in the Small Ruminant Sector (Sheep and Goat Farming)"" falls under the Sub-mission on Breed Development of Livestock and Poultry. The Entrepreneurs / Eligible Entities can establish sheep and goat breeding unit."
ef,Emeritus Fellowship,EF,Central,Individual,Education & Learning,Ministry of Education,,Teachers; Fellowship; Research; Higher Education,"The University Grants Commission floated the Scheme of “Emeritus Fellowship” to provide an opportunity to the superannuated teachers who have been actively engaged in research and teaching programmes in the preceding years to undertake research, without any restriction of position or pay scales."
ekri-aswc,"Scheme of Human Resources Development in Sports- Exchange of Knowledge / Research / Ideas for Attending Seminars, Workshops and Conferences of Repute in India or Abroad",HRDS-EKRISWCIA,Central,Individual,Sports & Culture,Ministry Of Youth Affairs & Sports,,Research; Seminars; Workshops; Conference; Financial Assistance,"The scheme aims to enhance professional knowledge and skills in sports. Financial assistance is provided to eligible professionals for participating in reputed seminars, workshops and conferences."
els,Education Loan Scheme,ELS,Central,Individual,"Education & Learning; Banking,Financial Services and Insurance",Ministry Of Social Justice and Empowerment,,Higher Education; Loans To Students; National Scheduled Castes Finance; Corporation; Education Loan,A scheme named Education Loan Scheme by National Scheduled Castes Finance and Development Corporation (NSFDC) under the M/o Social Justice and Empowerment provides loans to students from Scheduled Castes who are pursuing full-time professional or technical courses in recognized institutions.
els-nmdfc,Education Loan Scheme of NMDFC,ELS-NMDFC,Central,Individual,"Banking,Financial Services and Insurance",Ministry Of Minority Affairs,,Education Loan Scheme Of NMDFC,"Loan of upto ₹20,00,000/- for domestic courses & ₹30,00,000/- for courses abroad under Credit Line-1 and Credit line -2 is extended to beneficiaries belong to minority communities at 3% p.a. & 8% p.a respectively."
els-nsfdc,Education Loan Scheme (NSFDC),ELS-NSFDC,Central,Infra,"Banking,Financial Services and Insurance; Education & Learning",Ministry Of Social Justice and Empowerment,,Education Loan; NSFDC; Student; Study In India; Study Abroad; Scheduled Caste,"The scheme implemented by the National Scheduled Castes Finance & Development Corporation, Ministry of Social Justice & Empowerment, Govt. of India. Under this Scheme, loan is provided for pursuing full-time Professional/Technical courses in recognized institutions as one time assistance."
emcbes,Electronic Manufacturing Clusters (EMC) Scheme: Common Facility Centres/ Brownfield Electronics Manufacturing Clusters,EMCBES,Central,Infra,Business & Entrepreneurship,Ministry of Electronics and Information Technology,,Cluster Based Infrastructure; Electronics Manufacturing; Financial Assistance; Infrastructure; Upgradation Of Brownfield EMCs,The scheme aims to support the upgradation of Brownfield EMCs through Common Facility Centres (CFCs). It provides financial assistance for infrastructure improvement and shared facilities for existing electronics manufacturing units.
emcs,Electronic Manufacturing Clusters (EMC) Scheme: Greenfield Electronic Manufacturing Clusters,EMCS,Central,Infra,Business & Entrepreneurship,Ministry of Electronics and Information Technology,,Electronics Manufacturing; Financial Assistance; Cluster Based Infrastructure; Infrastructure; Setting Up Greenfield EMCs,"The aims to promote electronics manufacturing by providing financial assistance for cluster-based infrastructure. Through this scheme, infrastructure support is provided to electronics manufacturing units in identified clusters."
epcg,Export Promotion Capital Goods Scheme,EPCG,Central,Infra,Business & Entrepreneurship,Ministry Of Commerce And Industry,,Manufacturer Exporters; Import; Quality Goods; Services,"The objective of the EPCG Scheme is to facilitate import of capital goods for producing quality goods and services and enhance India’s manufacturing competitiveness. EPCG scheme allows import of capital goods for pre-production, production and post-production at zero customs duty."
epcmrs,Export Promotion Council Membership Reimbursement Scheme for Scheduled Caste/Scheduled Tribe,EPCMRS,Central,Infra,Business & Entrepreneurship,"Ministry Of Micro, Small and Medium Enterprises",,Reimbursement; Subscription Fee; Membership Fee; Financial Assistance; Scheduled Caste; Scheduled Tribe; Business & Entrepreneurship,"Export Promotion Council Membership Reimbursement Scheme provides reimbursement to an SC/ST Micro & small enterprises(MSEs), on annual membership subscription fee / one-time subscription charges/entry fee charged by various Export Promotion Councils (EPC)."
eps,Employees' Pension Scheme,EPS,Central,Individual,Social welfare & Empowerment; Skills & Employment,Ministry Of Labour and Employment,,Employment; Pension; Retirement; Senior Citizen; EPFO,"The scheme ensures retirement security for employees covered under the Code on Social Security, 2020, offering monthly pensions, family pensions, and withdrawal benefits. It targets workers in organized sectors, providing financial support post-retirement, during disability, or to dependents…"
epscpl,National Livestock Mission: Genetic Improvement of Pig breeds - Establishment of Pig Semen Collection and Processing Lab,NLMGIPBEPSCPL,Central,Infra,"Business & Entrepreneurship; Agriculture,Rural & Environment","Ministry of Fisheries,Animal Husbandry and Dairying",,Pig Farm; Pig Semen; Processing Lab; Genetic Improvement; Boar,"The Scheme aims to enhance per-animal productivity, reduce inbreeding, and minimize sexually transmitted diseases in pigs. Through this scheme, financial assistance is provided for establishing semen processing labs at government pig farms."
ersplsbsg,Establishment of Regional Semen Production Laboratory and Semen Bank for sheep and goat,ERSPLSBSG,Central,Individual,"Agriculture,Rural & Environment","Ministry of Fisheries,Animal Husbandry and Dairying",,Sheep; Goat; Genetic Improvement; Reproductive Technology; Conservation; Genetic Upgradation,"Under the Establishment of Regional Semen Production Laboratory and Semen Bank for Sheep and Goat Scheme, the Central Government will provide assistance for the establishment of frozen semen production laboratories for goats and liquid semen production laboratories for sheep at the regional level."
esdp,Entrepreneurship and Skill Development Programme,ESDP,Central,Individual,Business & Entrepreneurship; Skills & Employment,"Ministry Of Micro, Small and Medium Enterprises",,Entrepreneurship; Skill Development; MSME; ESDP; Self-employment,The scheme aims to promote entrepreneurship and skill development among youth by providing training and support for setting up MSMEs and self-employment ventures.
essb,National Livestock Mission: Establishment of State Semen Bank,NLMESSB,Central,Infra,"Agriculture,Rural & Environment; Health & Wellness","Ministry of Fisheries,Animal Husbandry and Dairying",,Gene; Sheep; Goat; Buffalo; Semen; Bank,"""Establishment of State Semen Bank (Genetic Improvement of Sheep and Goat breeds)"" aims at the genetic improvement of sheep/goat breeds through selective breeding by propagation of superior male germplasm through artificial insemination."
essstj,AICTE e-Shodh Sindhu Scheme (eSS),ESSSTJ,Central,Infra,Education & Learning,Ministry of Education,,Subscriptions Of E-Resources; Web Of Science; Scopus; ASME; ASCE; Bentham Science,"AICTE e-Shodh Sindhu Scheme (eSS) provides subscriptions of e-Resources like Web of Science, Scopus, ASME, ASCE and Bentham Science to institutions."
faaca,Financial Assistance For Allied Cultural Activities,FAACA,Central,Infra,Sports & Culture,Ministry Of Culture,,Culture; Financial Assistance; Audio-visual; Equipment; NGO,"The scheme provide financial assistance for creating infrastructure and assets that enhance audio-visual experiences for cultural activities, enabling regular live performances and festivals at locations that attract large numbers of tourists and visitors."
facapabgist,Financial Assistance For Cultural Activities In Performing Arts For Building Grants Including Studio Theatres,FACAPABGIST,Central,Infra,Sports & Culture,Ministry Of Culture,,Arts; Culture; Theatres; Studio; Financial Assistance; Grants,"The scheme “Financial Assistance for Cultural Activities in Performing Arts for Building Grants Including Studio Theatres” was launched by the Ministry of Culture, Government of India."
faconp,Financial Assistance To Cultural Organizations With National Presence,FACONP,Central,Infra,Sports & Culture,Ministry Of Culture,,Cultural Organization; National Presence; Financial Assistance; Grant,The objective of this scheme component is to provide financial assistance to cultural organizations with a national presence to meet the expenditure incurred in conducting cultural programmes and festivals.
fadbtac,Financial Assistance For Development Of Buddhist/Tibetan Arts And Culture,FADBTAC,Central,Infra,Sports & Culture,Ministry Of Culture,,Buddhist; Tibetan; Monasteries; Culture; Art; Financial Assistance,"The scheme “Financial Assistance for Development of Buddhist/Tibetan Arts and Culture” was launched by the Ministry of Culture, Government of India to provide financial assistance to voluntary Buddhist/Tibetan organizations including Monasteries."
faewbcilw-ppm,Financial Assistance for Education to the Wards of Beedi/Cine/IOMC/LSDM Workers – Pre & Post-Matric,FAEWBCILW-PPM,Central,Individual,Education & Learning; Social welfare & Empowerment,Ministry Of Labour and Employment,,Direct Benefit Transfer; Education; Financial Assistance; Scholarship; Student,"The scheme aims to fund the pre-matric and post-matric education of wards belonging to specific mine, beedi, and cine workers. It provides annual scholarships between ₹1,000/- and ₹25,000/- based on the student's academic level and course type."
faftcc,Financial Assistance for Tagore Cultural Complexes (TCC),FAFTCC,Central,Individual,Sports & Culture,Ministry Of Culture,,Tagore; Music; Dance; Art And Culture,"This scheme promotes cultural activities across states and fosters unity while providing opportunities for creative expression and learning, especially for the youth."
faishl,Financial Assistance as Interest Subsidy on Home Loan,FAISHL,Central,Individual,"Banking,Financial Services and Insurance; Housing & Shelter; Social welfare & Empowerment",Ministry Of Defence,,Housing; Loan; Ex-servicemen; Disabled,"The scheme aims to provide 50% reimbursement of interest on home loans up to ₹1,00,000 for eligible war widows, war bereaved families, war disabled personnel, and attributable peacetime casualties."
fapgsprg,Financial Assistance For Promotion Of Guru-Shishya Parampara (Repertory Grant),FAPGSP(RG),Central,Infra,Sports & Culture,Ministry Of Culture,,Guru; Shishya; Parampara; Financial Assistance; Grant; Theatre; Culture,This scheme provides financial support to organizations preserving traditional performing arts through the Guru–Shishya tradition and ensures continuity of cultural heritage through training and mentorship.
favct,Financial Assistance To Visually Challenged Teachers,FAVCT,Central,Individual,"Education & Learning; Banking,Financial Services and Insurance; Social welfare & Empowerment",Ministry of Education,,Reader Allowance Scheme; Financial Assistance For Disabled Faculty; Higher Education Disability Grant; Learning Aids Support,"Financial assistance scheme providing up to ₹36,000 annually to visually challenged permanent college teachers for reader assistance, Braille books, and learning aids. Implemented by University Grants Commission to support teaching, research, and academic independence."
fcfswd,Free Coaching for Students with Disabilities,FCFSWD,Central,Individual,Education & Learning,Ministry Of Social Justice and Empowerment,,Education; Learning; Exam Preparation; Free Coaching; Student; Disabilities,"A Scheme ""Free Coaching for Students with Disabilities"" was initiated by the Department of Empowerment of Persons with Disabilities under the ""Ministry of Social Justice and Empowerment""."
fcssos,"Free Coaching for SCs, OBCs and beneficiaries of PM CARES Children Scheme",FCSSOS,Central,Individual,Education & Learning; Social welfare & Empowerment,Ministry Of Social Justice and Empowerment,,Coaching; Scheduled Caste; Other Backward Class; Examination; Stipend,"To provide high-quality free coaching to economically disadvantaged Scheduled Castes (SCs), Other Backward Classes (OBCs), and eligible beneficiaries of the PM CARES Children Scheme for competitive exams in public and private sector employment and admission into professional courses."
fesmwpnie,Free Education For Sports Medal Winners / Participants Of National/ International Events,FESMWPNIE,Central,Individual,Education & Learning; Sports & Culture,Ministry of Education,,Sports; Education,"The scheme of ""Free Education for Sports Medal Winners / Participants of National/ International Events"" is introduced by UGC, to provide financial assistance to the medal winners\ elite sports persons studying in universities/colleges leading to all the full-time regular courses."
ffs,Fund of Funds for Startups,FFS,Central,Infra,"Business & Entrepreneurship; Banking,Financial Services and Insurance; Science, IT & Communications; Agriculture,Rural & Environment; Health & Wellness; Education & Learning",Ministry Of Commerce And Industry,,DPIIT; Startup India; Startups,"Launched in January 2016 under Startup India, the Fund of Funds for Startups is managed by SIDBI. It supports DPIIT-recognized startups indirectly by investing in SEBI-registered AIFs, which must invest at least twice the FFS contribution."
financial-assistance-scheme,Agriculture And Processed Foods Export Promotion Scheme Of APEDA For The 15th Finance Commission Cycle (2021-22 To 2025-26),APFEPSA,Central,Infra,"Agriculture,Rural & Environment",Ministry Of Commerce And Industry,,Agriculture; Processed Food; Export Promotion; APEDA; Export Infrastructure; Quality Development; Market Development; Financial Assistance,The Financial Assistance Scheme (FAS) is an export promotion scheme run by APEDA. The scheme aims to facilitate the export of agri-products by providing assistance to exporters.
flexi-mou,Flexible Memorandum of Understanding (Flexi-MoU) Scheme,FLEXI-MOU,Central,Infra,Business & Entrepreneurship; Skills & Employment,Ministry Of Skill Development And Entrepreneurship,,Industry; Skill; Trainee; Certification; Modern Technology; Industrial Training Partner; Training,The scheme is designed to cater to the needs of both industry as well as trainees. The scheme allows industries to train candidates as per their skill set requirements and provides trainees with an industry environment aligned with the market demand and latest technology to undergo training.
freecoach,Free Coaching Scheme,FREECOACH,Central,Individual,Education & Learning,Ministry Of Social Justice and Empowerment,,Coaching; Competitive Exams; DNT; Stipend; Special Allowance,The scheme aims to provide good coaching quality for DNT candidates to enable them to appear in competitive examinations and succeed in obtaining an appropriate job in the Public/Private Sector.
fspip,FutureSkills Prime Incentive Program,FSPIP,Central,Individual,Education & Learning; Skills & Employment,Ministry of Electronics and Information Technology,,Skill; Training; Learning; Education; Course,"The scheme aims to promote a novel skilling ecosystem in the country, the programme/scheme would incentivize the cost of the eligible course(s) concerned, providing authentic and accredited certifications that are acceptable in the industry."
fssaiis,Food Safety & Standards Authority Of India (FSSAI) Internship Scheme,FSSAIIS,Central,Individual,Education & Learning,Ministry Of Health & Family Welfare,,Food Safety; Internship; Student; College; Health,"The Internship Program by the FSSAI provides interns with unique learning opportunities in various areas of food regulation of food safety administration. FSSAI is a statutory body established under the Food Safety & Standards Act, 2006 under the aegis of the Ministry of Health & Family Welfare."
fssdu,Financial Support Scheme,FSSDU,Central,Individual,Education & Learning,Ministry of Education,,Fee Waiver; Financial Assistance; Delhi University; EWS; OBC,The scheme aims to provide financial assistance to financially weak students of the University of Delhi to help them overcome financial challenges and continue their education without hardship.
gallantrymedal,Gallantry Medal – PMG/GM,GALLANTRYMEDAL,Central,Individual,Social welfare & Empowerment,Ministry Of Home Affairs,,Monthly Allowance; Medal; Award; Monetary; Presidential Medal,"The scheme aims to honour exceptional and conspicuous acts of gallantry. Through this scheme, medals, a Presidential scroll, and monthly monetary allowances are provided to eligible service personnel."
gbs,Green Business Scheme,GBS,Central,Individual,"Social welfare & Empowerment; Banking,Financial Services and Insurance",Ministry Of Social Justice and Empowerment,,Income Generation; Coverage; Battery Electric Vehicle; Compressed Air Vehicle; Solar Energy Gadgets; Poly Houses; Loan,Green Business Scheme has been launched by the National Safai Karamcharis Finance and Development Corporation to provide financial assistance in the form of loans for activities that can tackle the impacts of climate change and also be income-generating.
gcrsp-p2,Phase-II Of The Grid Connected Rooftop Solar Programme,GCRSP-P2,Central,Infra,Transport & Infrastructure,Ministry Of New and Renewable Energy,2026-03-31,Solar; Infrastructure,"Phase-II of the Grid Connected Rooftop Solar Programme, this programme is introduced by Ministry of New & Renewable Energy(MNRE), GoI with JAKEDA as a nodal agency in the UT of J&K for achieving cumulative capacity of 220MW under 20MW Residential Scheme and 200 MW Jammu Solar City “Solar City."
genesis,GEN-NEXT Support for Innovative Startups (GENESIS),GENESIS,Central,Individual,Business & Entrepreneurship,Ministry of Electronics and Information Technology,,Startups; Investment; Capacity Building; Centres Of Excellence; Incubation; Mentorship; Entrepreneurs,"The scheme aims to discover, support, grow, and accelerate successful startups in Tier-2 and Tier-3 cities, with a focus on inclusivity, accessibility, and affordability."
gesfoi,Global Engagement Scheme: Festival of India,GESFOI,Central,Individual,Sports & Culture,Ministry Of Culture,,Artists; Indian Art Forms; International Travel; Indian Artists; Dancers,"The scheme aims to provide artists practising Indian art forms with an opportunity to perform abroad. Funding for international travel, performance opportunities, and logistical support is provided to Indian artists, dancers, musicians, and cultural troupes selected for performance abroad."
gesgaiffcs,Global Engagement Scheme: Grant-In-Aid To Indo-Foreign Friendship Cultural Societies,GESGAIFFCS,Central,Individual,Sports & Culture,Ministry Of Culture,,Financial Grants; Indo Foreign Friendship; Cultural Societies; Dance; Music; Photo Exhibitions; Workshops,"The scheme aims to generate a greater understanding of India's culture and foster closer friendship with people of other countries. Through this component, financial grants are provided to Indo-Foreign Friendship/Cultural Societies actively functioning in foreign countries."
gghas,Gharaunda-Group Home for Adults Scheme,GGHAS,Central,Individual,Social welfare & Empowerment,Ministry Of Social Justice and Empowerment,,Person With Disability; Respite And Residential Care; Group Home; Life Long Shelter; Abandoned,Gharaunda (Group Home for Adults) scheme aims at setting up Gharaunda Centres or Registered Organisations (RO) for for all Adult PwDs covered under the National Trust Act with adequate and quality care service with acceptable living standards including provision of basic medical care from profession
gispw,Group Insurance Scheme for Powerloom Weavers,GISPW,Central,Individual,"Banking,Financial Services and Insurance",Ministry Of Textiles,,Insurance; Powerloom Weavers; LIC; Educational Grant,"The basic objective of this scheme is to provide insurance cover to the powerloom weavers in the case of natural death, accidental death as well as partial and permanent disability due to accident."
gobardhan,Galvanizing Organic Bio-Agro Resources Dhan (GOBARdhan),GOBARDHAN,Central,Infra,"Utility & Sanitation; Agriculture,Rural & Environment",Ministry Of Jal Shakti,,Solid Waste Management; Agriculture; Renewable Energy,GOBARdhan Scheme was launched in April 2018 as a part of the Solid and Liquid Waste Management component under Swachh Bharat Mission (Grameen) to positively impact village cleanliness and generate wealth and energy from cattle and organic waste. The main focus of GOBARDHAN is to keep villages clean.
goc,AICTE Grant for Organizing Conference,GOC,Central,Infra,Education & Learning; Business & Entrepreneurship,Ministry of Education,,Grant; Conference; Organization; Institutions,"The scheme provides financial assistance to institutions for organizing conferences in various fields of science and technology, management, and hotel management, including BBA, BCA and BMS institutions."
gpaiscw,Personal Accident Insurance Scheme For Coir Workers,GPAISCW,Central,Infra,"Banking,Financial Services and Insurance; Social welfare & Empowerment","Ministry Of Micro, Small and Medium Enterprises",,Insurance; Financial Assistance; Person With Disability; Deceased Coir Worker,"The scheme aims to provide financial compensation to deceased/disabled coir workers and their nominees. Through this scheme, insurance compensation benefits are provided to coir workers in case of accidents and disabilities."
gstecs,GST Exemption Certificate Scheme,GSTECS,Central,Individual,Transport & Infrastructure; Social welfare & Empowerment; Utility & Sanitation,Ministry of Heavy Industries,,GST; Person With Disability; PwD; Concession; Certificate; Car,"""GST Exemption Certificate Scheme"" has been introduced by the Dept. of Heavy Industries, for issuing certificates to Persons with Disabilities (PwDs) having a disability percentage equal to or greater than 40%. The scheme provides GSC Concession to orthopedically disabled persons on purchase of car."
gvyoj,Khadi Gramodyog Vikas Yojana: Gramodyog Vikas Yojana,KGVYGVY,Central,Individual,Business & Entrepreneurship,"Ministry Of Micro, Small and Medium Enterprises",,Khadi; Gramodyog; Agarbatti Programme; Leather Footwear Activity; Pottery Activity; Beekeeping Activity,"The scheme aims to increase productivity and wages of Khadi artisans, improve production infrastructure, boost employment and sales, revive traditional rural skills, modernize sales outlets, and promote marketing and exports."
gws,GROUP WORKSHED SCHEME,GWS,Central,,Business & Entrepreneurship; Transport & Infrastructure,Ministry Of Textiles,,New Cluster; Business Operations; Powerloom; Weaving,"The objective of the scheme is to facilitate the establishment of worksheds for shuttleless looms in an existing or new cluster, which will provide the required scale of economy for business operations."
hepsn,Persons With Disabilities Scheme In Colleges: Higher Education For Persons With Special Needs,Hepsn,Central,Individual,Education & Learning; Social welfare & Empowerment,Ministry Of Social Justice and Empowerment,,Education; Persons With Disablities; Higher Education; Learning,"The Persons with Disabilities Act 1995 indicates that differently-abled persons should have access to education at all levels. In the higher education sector, the University Grants Commission (UGC) is supporting universities and colleges in the country to involve in special education activities."
hmcpf,Rastriya Arogya Nidhi - Health Minister’s Cancer Patient Fund,HMCPF,Central,Individual,Health & Wellness; Social welfare & Empowerment,Ministry Of Health & Family Welfare,,BPL; Cancer Treatment; Patient,"The scheme-component aims to provide financial assistance to poor patients living below the poverty line and suffering from cancer, for their treatment at 27 Regional Cancer Centers (RCCs)."
hmdg,Health Minister’s Discretionary Grant,HMDG,Central,Individual,Health & Wellness,Ministry Of Health & Family Welfare,,Health; Disease; Hospital; Medical Facility; Patient,"A health scheme by Ministry of Health & Family Welfare for financially poor patients to defray a part of the expenditure on Hospitalization/treatment in Government Hospitals,for life threatening diseases covered under Rashtriya Arogya Nidhi (RAN), in cases where free medical facilities aren't there."
hoapdvsra,Hari Om Ashram Prerit Doctor Vikram Sarabhai Research Award,HOAPDVSRA,Central,Individual,Education & Learning,Ministry Of Science And Technology,,Award; Scientist; Research; Cash Prize,"The Shri Hari Om Ashram Prerit Doctor Vikram Sarabhai Research Awards are biennial awards established with funds from Pujya Shri Mota of Hari Om Ashram, Nadiad, to recognize outstanding contributions by Indian scientists under the age of 45 in the fields of Space Sciences etc."
hoapssa,Hari Om Ashram Prerit Senior Scientist Award,HOAPSSA,Central,Individual,Education & Learning,Ministry Of Science And Technology,,Award; Scientist; Cash Prize,"The Hari Om Ashram Prerit Senior Scientist Award was established to commemorate the birth centenary of Pujya Shri Mota, the founder of the Hari Om Ashram, Nadiad. It is awarded to an eminent Indian scientist for their innovative and outstanding contributions to the field of Science and Technology."
hr-hrr,High Risk - High Reward Research,HR-HRR,Central,Individual,"Science, IT & Communications",Ministry Of Science And Technology,,High Risk; High Reward; Research; Project; Research Grant,"The Scheme for Funding ""High Risk - High Reward Research"" aims at supporting proposals that are conceptually new & risky, & if successful, expected to have a paradigm-shifting influence on the S&T."
hrds-ekritpswccc,"Scheme of Human Resources Development in Sports- Exchange of Knowledge / Research / Ideas for Holding Training Programmes, Seminars, Workshops, Clinics and Conferences Within the Country",HRDS-EKRITPSWCCC,Central,Individual,Sports & Culture,Ministry Of Youth Affairs & Sports,,Financial Assistance; Training Programme; Seminars; Workshops; Workshop; Conference; Sportsperson,The scheme aims to strengthen sports knowledge and capacity building by providing financial assistance for organizing training and knowledge-sharing events.
hriday,HRIDAY: Heritage City Development & Augmentation Yojana,HRIDAY,Central,Infra,Transport & Infrastructure,Ministry Of Tourism,,Implementation; Heritage; Infrastructure; Cultural; Tourism,"Launched on 21st January 2015, the scheme ""National Heritage City Development and Augmentation Yojana"", also known as ""HRIDAY"" is a central sector scheme by the Ministry of Tourism. The scheme was introduced to bring together urban planning, economic growth, and heritage conservation."
hsfepqiisaradocscrnpkaos,Integrated Scheme for Export Promotion & Quality Improvement in Spices and Research and Development of Cardamom: \Small Cardamom Replanting/New Planting: Karnataka (Ha.) and other States,HSFEPQIISARADOCSCRNPKAOS,Central,Individual,"Agriculture,Rural & Environment; Business & Entrepreneurship",Ministry Of Commerce And Industry,,Replanting; Plant; Agriculture; Planting,"To motivate growers in Karnataka and other states to improve production and productivity through systematic replanting of diseased, old, and senile plantations, and to promote area expansion under cultivation."
i-mesa-cssu,"Information, Monitoring, Evaluation and Social Audit (I-MESA): Central Smart Surveillance Unit (CSSU)",I-MESA-CSSU,Central,Infra,"Transport & Infrastructure; Utility & Sanitation; Public Safety,Law & Justice",Ministry Of Social Justice and Empowerment,,Institution; Surveillance; Monitoring; Supervision; Grant,The component aims to establish a Central Smart Surveillance Unit for continuous remote supervision of all Central Government-funded Grant-in-aid institutions and Training and Coaching centres using Closed-Circuit Television cameras and electronic devices.
i-mesa-eas,"Information, Monitoring, Evaluation and Social Audit (I-MESA): Evaluation and Studies",I-MESA-EAS,Central,Individual,Social welfare & Empowerment,Ministry Of Social Justice and Empowerment,,Evaluation; Research; Institution; Feedback; Evidence,"The ""Evaluation and Studies"" component of the scheme aims to establish institutionalized mechanisms for achieving transparency and accountability, generating lessons learned for real-time program improvement, and ensuring effective knowledge dissemination among stakeholders and targeted beneficiary."
i-mesa-pmu,"Information, Monitoring, Evaluation and Social Audit (I-MESA): Project Monitoring Unit (PMU)",I-MESA-PMU,Central,Individual,Social welfare & Empowerment,Ministry Of Social Justice and Empowerment,,Monitoring; Graduate; Welfare; Reporting; Inspection,The scheme aims to intensely examine the implementation of schemes at the ground level and monitor scheme outputs and outcomes to ensure the quality of services being provided under these schemes. The scheme component provides for physical inspection of every scheme of the Ministry.
i-mesa-sa,"Information-Monitoring, Evaluation, and Social Audit (I-MESA): Social Audit",I-MESA-SA,Central,Individual,Social welfare & Empowerment,Ministry Of Social Justice and Empowerment,,Audit; Monitoring; Evaluation; Grievance; Implementation,"The scheme aims to ensure transparency and accountability in the implementation of schemes. It provides a process for accumulating and analyzing beneficiary feedback for scheme improvement, ensuring people's participation, and offering a platform for timely grievance redressal for right holders."
iaep,Innovation & Agri-Entrepreneurship Program (RKVY),IAEP,Central,Individual,"Agriculture,Rural & Environment",Ministry Of Agriculture and Farmers Welfare,,Startups; DPIIT; Agricultural; Farming,"The Innovation & Agri-Entrepreneurship Program (RKVY) supports agri-startups with funding, mentorship, and incubation so they can develop innovative farming solutions and strengthen the agricultural sector."
iaris,Indian Agricultural Research Institute - Scholarship,IARIS,Central,Individual,"Agriculture,Rural & Environment; Education & Learning",Ministry Of Agriculture and Farmers Welfare,,IARI; Scholarship; Education; PhD,The Indian Agricultural Research Institute (IARI) Junior and Senior Scholarship shall be awarded to M.Sc. and Ph.D. students admitted under General Open Competition Scheme.
iats,Infrastructure and Technology Support,IATS,Central,Infra,Transport & Infrastructure,Ministry Of Textiles,,Infrastructure; Technology Support; Handicraft; Marketing And Sourcing Hub,"The sub-scheme “Infrastructure and Technology Support” aims to develop world-class infrastructure in the country to support handicraft production, enhance product quality, and reduce costs to enable it to compete in the global market."
ibps,India BPO Promotion Scheme,IBPS,Central,Infra,"Skills & Employment; Science, IT & Communications",Ministry of Electronics and Information Technology,,Women Employees; Employement Generation; Entrepreneur; Training; BPO,"The scheme aims to create employment opportunities and promote investment in the IT/ITeS sector by establishing BPO/ITeS units in smaller cities. Through this scheme, financial support in the form of Viability Gap Funding is provided to eligible companies."
icar-ep,ICAR Emeritus Professor,ICAR EP,Central,Individual,Skills & Employment,Ministry Of Agriculture and Farmers Welfare,,ICAR; Emeritus; Professor; Retired,"The ICAR floated the Scheme of Emeritus Professor in order to provide an opportunity to the superannuated teachers/ Scientists of universities, colleges and institutions under ICAR-AU System."
icar-es,ICAR Emeritus Scientist Scheme,ICARES,Central,Individual,Skills & Employment,Ministry Of Agriculture and Farmers Welfare,,Emeritus; Retired Scientists; Agricultural Research; Teaching Support,"The scheme aims to utilize the expertise of outstanding superannuated scientists of the National Agricultural Research System by supporting nationally important research, teaching, human resource development, and extension activities through honorarium and research grants."
icar-jrf-pgs,ICAR Junior Research Fellowship For Post-Graduate Studies In Agricultural Sciences,ICARJRFPGS,Central,Individual,Education & Learning,Ministry Of Agriculture and Farmers Welfare,,Research; Fellowship; Agriculture; Agricultural Education; Post-graduate; Agricultural Science,"ICAR awards a certain number of Junior Research Fellowships for Postgraduate Studies (course and research work) leading to a Master’s degree, in different disciplines of agriculture and allied sciences. This is done to encourage talented students to undertake higher agricultural education."
icar-pms-scstc,ICAR - Post Matric Scholarship for Scheduled Caste / Scheduled Tribes Candidates,ICARPMSSCSTC,Central,Individual,Education & Learning,Ministry Of Agriculture and Farmers Welfare,,Post Matric; Scholarship; Agriculture; Scheduled Caste; Scheduled Tribe,"The scheme aims to provide Post-Matric Scholarship to Scheduled Castes/ Scheduled Tribes candidates for study at Bachelor Degree programme in various branches of Agriculture, viz. B.Sc. (Agri.), B.V.Sc., B.Sc. (Agril. Engg.), B.Sc. (Home Science), B.F.Sc., B.Sc. (Forestry) etc."
icar-srf-pgs,ICAR Senior Research Fellowship For Post-Graduate Studies In Agricultural Sciences,ICAR-SRF-PGS,Central,Individual,Education & Learning,Ministry Of Agriculture and Farmers Welfare,,Agriculture; Research; Fellowship,"ICAR awards a certain number of Senior Research Fellowships for Ph.D. in an Agricultural University (AU), in different disciplines of agriculture and allied sciences. This is done to encourage talented students to undertake higher agricultural education."
icare,Improved Cultivation and Advanced Retting Exercise (I-CARE),ICARE,Central,Individual,Business & Entrepreneurship,Ministry Of Textiles,,Farmer; Jute; Agriculture; Subsidy; Mechanization; Training; Infrastructure,"The scheme aims to support small and marginal jute growers with adequate pre and post harvesting operations to improve fiber quality and receive higher prices. The scheme provides 100% certified seeds at subsidized rates, free mechanical equipment, microbial consortiums, retting ponds."
iceasd-iced,International Centre for Environment Audit and Sustainable Development (iCED),ICEASD-ICED,Central,Individual,Education & Learning,Comptroller And Auditor General Of India,,Remuneration; Internship; Student; Post-Graduate,"The ""International Centre for Environment Audit and Sustainable Development (iCED)"" scheme provides a platform to young students pursuing courses in Ocean Science, Environmental Science, Environment Management, Environment Audit, etc. to help develop awareness about the work of iCED with special."
icmr-jrf,ICMR-Junior Research Fellowship,ICMR-JRF,Central,Individual,Education & Learning,Ministry Of Health & Family Welfare,,JRF; Research; Fellowship; ICMR; Life Science; Social Science; SRF,The scheme aims to provide financial assistance and research opportunities to eligible candidates through Junior Research Fellowship for pursuing Ph.D. programmes in medical and social science fields.
icmr-pdf,ICMR- Post Doctoral Fellowship,ICMR-PDF,Central,Individual,Education & Learning,Ministry Of Health & Family Welfare,,ICMR; Fellowship; Post Doctoral; Research; PDF,"ICMR- Post Doctoral Fellowship (ICMR-PDF) Scheme is being instituted to foster high-quality research opportunities for promising fresh Ph.D./MD/MS holders in the areas of basic science, communicable and non-communicable diseases, & reproductive health including nutrition at ICMR Institutes/Centers."
icroaip,ICRO Amrit Internship Programme,ICROAIP,Central,Individual,"Agriculture,Rural & Environment; Education & Learning; Social welfare & Empowerment",Ministry Of Chemicals And Fertilizers,,Internship; Student; Youth Productivity; Stipend,"The IPL Centre for Rural Outreach (ICRO) has launched ICRO Amrit Internship Programme focused on youth productivity for prosperity. The interns will be placed at the headquarters and Regional Offices of NPC/ IPL. The duration of the internship will be 3 months initially, renewable up to four times."
ics-cbfte,International Cooperation Scheme- Capacity Building of First Time MSE Exporters,ICS-CBFTE,Central,Infra,Business & Entrepreneurship,"Ministry Of Micro, Small and Medium Enterprises",,International; Cooperation; Capacity Building; MSE; Exporter; Financial Assistance,"The scheme “International Cooperation Scheme” was launched by the MSME, Govt. of India with the aim to capacity build MSMEs for entering export market by providing reimbursement of various costs incurred by first time MSE exporters on export shipments."
ics-mda,International Cooperation Scheme: Market Development Assistance,ICS-MDA,Central,Infra,"Banking,Financial Services and Insurance; Business & Entrepreneurship","Ministry Of Micro, Small and Medium Enterprises",,International; Cooperation; Market; Development; Industry; Enterpris; MSME,"The scheme “International Cooperation Scheme” was launched by the MSME, Govt. of India with the aim to capacity build MSMEs for entering the export market by facilitating their participation in international exhibitions/fairs/conferences/seminars/buyer-seller meets abroad."
icssr-international-collaboration,ICSSR International Collaboration,ICSSR INTERNATIONAL COLLABORATION,Central,Individual,Education & Learning,Ministry of Education,,ICSSR Travel Grant; Participation In International Conference Abroad; Social Science Research; Develop New Insights And Enlarge Research Perspective; PhD & Post-Doctoral Scholars And Faculties,"The Indian Council of Social scientific Research (ICSSR), under the Ministry of Education, offers a Travel Grant for participation in International Conference abroad. The aim of this programme is to assist invited social science scholars to make substantial contributions to international seminars/co"
icwf,Indian Community Welfare Fund,ICWF,Central,Infra,Health & Wellness; Housing & Shelter; Social welfare & Empowerment,Ministry Of External Affairs,,Non Resident Indian; Overseas Indian; Welfare; Student; Legal Assistance; Medical Assistance; Disability; PwD; Artist; Shelter,"A scheme by Ministry of External Affairs (MEA) for the welfare of Overseas Indians; assisting them in distress situations. ICWF has also been a critical support in emergency evacuation of Indian nationals from conflict zones, countries affected by natural disasters and other challenging situations."
idex,Innovations for Defence Excellence,IDEX,Central,Infra,Business & Entrepreneurship,Ministry Of Defence,,Start-ups; MSME; Innovation; R&D; Academia,"Aimed at creation of an ecosystem to foster innovation and technology development in Defence and Aerospace by engaging Industries (incl MSMEs, start-ups, individual innovators R&D institutes, academia) and provide them grants and other supports to carry out R&D innovation for adoption in D&A Sector"
iepg,National Livestock Mission: Genetic Improvement of Pig Breeds - Import of Exotic Pig Germplasm,NLMGIPBIEPG,Central,Infra,"Agriculture,Rural & Environment; Business & Entrepreneurship","Ministry of Fisheries,Animal Husbandry and Dairying",,Pig; Pig Semen; Import Exotic Pig; Pig Germplasm; Livestock Agencies; Livestock Board; Animal Husbandry,The scheme aims to enhance indigenous pig productivity through genetic upgradation. The scheme supports the establishment of pig semen collection and processing labs and the import of exotic pig germplasm.
ies,Institutions of Eminence scheme,IES,Central,Infra,Education & Learning,Ministry of Education,,Financial Assistance; Education; Infrastructure,Institutions of Eminence scheme has been launched in order to empower Higher Educational Institutions and to help them become world class teaching and research institutions.
igndps,Indira Gandhi National Disability Pension Scheme,IGNDPS,Central,Individual,Social welfare & Empowerment,Ministry Of Rural Development,,Differently Abled; Pension; Below Poverty Line - BPL,The scheme aims to provide social security pensions to divyangjans aged 18 and above who belong to a poor family (BPL) in society.
ignwps,Indira Gandhi National Widow Pension Scheme,IGNWPS,Central,Individual,"Social welfare & Empowerment; Banking,Financial Services and Insurance; Women and Child",Ministry Of Rural Development,,Widow; Pension; Below Poverty Line - BPL,A non-contributory pension scheme to provide social security to widows of poor family (BPL) of the society.
igstcif-pdif,IGSTC Industrial Fellowship- Post Doctoral Industrial Fellowship,IGSTCIF-PDIF,Central,Individual,"Education & Learning; Science, IT & Communications",Ministry Of Science And Technology,,IGSTC; Fellowship; Post Doctoral; Germany; Indo-German; Research,This programme is aimed at encouraging Postdoctoral researchers/fresh PhDs in S&T with appreciable track record and having aptitude for applied research and technology development.
igstcifphdief,IGSTC Industrial Fellowship- PhD Industrial Exposure Fellowship,IGSTCIFPHDIEF,Central,Individual,"Education & Learning; Science, IT & Communications",Ministry Of Science And Technology,,IGSTC; Fellowship; PhD; Industrial Exposure; Research; Indo-German; Germany,"The ""Indo-German Science & Technology Centre (IGSTC) Industrial Fellowship Programme"" was launched by Secretary, Department of Science and Technology, Govt. of India on the occasion of IGSTC’s 11th Foundation Day on 14th June 2021 to support young Indian researchers for industrial exposure in German"
iibbe,Incredible India Bed & Breakfast Establishments,IIBBE,Central,Individual,Business & Entrepreneurship,Ministry Of Tourism,,Incredible India; Tourism Accommodation Approval; Home Stay Business; Hospitality; Tourist Facilities; Guest Accommodation,"The scheme aims to provide standardized world-class Bed & Breakfast accommodation facilities, supplement tourist accommodation, and promote clean, affordable, and homely stays for domestic and foreign tourists in States and Union Territories where no State/UT approval scheme exists."
iirps,AICTE-ISTE INDUCTION/REFRESHER PROGRAMME SCHEME,IIRPS,Central,Infra,Education & Learning,Ministry of Education,,Training; Technical Education; Pedagogical Skills; Skill Development; AICTE,AICTE-ISTE Induction/ Refresher Programme provide financial assistance to AICTE approved institutions/universities in conducting training for the teaching faculties working in technical institutions.
inspire-f,Innovation In Science Pursuit For Inspired Research (INSPIRE) - Fellowship,INSPIRE-F,Central,Individual,Education & Learning,Ministry Of Science And Technology,,Fellowship; Science; University; Doctoral,"INSPIRE Fellowship is one of the components of INSPIRE scheme implemented by the Department of Science and Technology (DST), Government of India to strengthen the Science and Technology base of the country. This Component focuses on attracting students to pursue doctoral degree."
inspire-ff,Innovation In Science Pursuit For Inspired Research (INSPIRE) - Faculty Fellowship,INSPIRE-FF,Central,Individual,"Science, IT & Communications; Education & Learning",Ministry Of Science And Technology,,Research; Fellowship; Faculty; Science; PhD,"The ""INSPIRE FACULTY FELLOWSHIP"" component provides opportunities to 100 persons every year with Ph.D. qualifications in the age group of 27-32 years for 5 years to carry out research in both basic and applied science areas including engineering, medicine, agriculture, and veterinary sciences."
inspire-i,Innovation In Science Pursuit For Inspired Research (INSPIRE) - Internship,INSPIRE-I,Central,Individual,Education & Learning,Ministry Of Science And Technology,,Internship; Student; Camp; Science,"INSPIRE INTERNSHIP aims to provide exposure to the top 1% of students at the Class X Board level by organizing Science Camps either during summer or winter which provides an opportunity for them to interact with Science icons from India and abroad, including Nobel Laureates."
inspire-she,Innovation In Science Pursuit For Inspired Research (INSPIRE) - Scholarship For Higher Education (SHE),INSPIRE-SHE,Central,Individual,Education & Learning,Ministry Of Science And Technology,,Education; Scholarship; Student,"The scheme ""INSPIRE Scholarship for Higher Education (SHE)"" aims to attract students to study basic and natural Science subjects at undergraduate and postgraduate levels and pursue research as a career by providing scholarships to interested and deserving students."
ip-mea,Internship Programme By The Ministry Of External Affairs,IP-MEA,Central,Individual,Education & Learning,Ministry Of External Affairs,,Internship,The Ministry of External Affairs launched the first edition of the Internship Programme in 2022. The internship policy aims to take foreign policy closer to the people. A total of 75 internships will be offered in the year 2022 in a single term of three months during April to June 2022.
ipatipo,Internship Program At The Indian Patent Office,IPATIPO,Central,Individual,Education & Learning,Ministry Of Commerce And Industry,,Student; Internship; Patent; Trademark; DPIIT,"The Internship Program by the Indian Patent Office recognizes the abundance of creative and innovative energies that flow in India, and the need to tap into and channelize these energies. The program aims to work towards the fulfilment of the objectives of the National IPR Policy."
ipdop,Internship Programme Of The Department Of Expenditure,IPDOP,Central,Individual,Education & Learning,Ministry Of Finance,,Internship; Expenditure; Finance; Economics,The Internship Programme of the Department of Expenditure aims to familiarize willing and eligible undergraduates pursuing five-year integrated courses and Graduates pursuing post-Graduation/ post-Graduates pursuing Research with the overall process of formulation of economic policies of the Govt.
ipiccr,Internship Policy Of Indian Council For Cultural Relations (ICCR),IPICCR,Central,Individual,Education & Learning; Sports & Culture,Ministry Of External Affairs,,Internship; Student; Culture; Stipend; Honorarium,"ICCR provides an excellent opportunity for budding scholars to familiarise themselves with the role of soft power in foreign policy formulation in the Govt of India. These ‘Interns’ would be expected to supplement the process of analysis in various fields (creative writing, cultural mapping, etc)."
ipiist,Internship Programs at IIST,IPIIST,Central,Individual,Education & Learning,PMO,,Internship; Indian Institute Of Space Science And Technology; Research; Space Science,"The scheme aims to provide internship and research opportunities in space science, technology, engineering, humanities, and related fields to undergraduate and postgraduate students through hands-on experience and research exposure at the Indian Institute of Space Science and Technology (IIST)."
ipiwai,The Inland Waterways Authority of India Internship Scheme,IWAI-INTERNSHIP,Central,Individual,Education & Learning; Skills & Employment,"Ministry of Ports,Shipping and Waterways",,Internship; Student; Stipend,The purpose of this scheme is to provide with Selected Candidates” short term exposure to different verticals/ divisions/ units of IWAI as “Interns”. An intern may be required to work at Head Office or Project Office depending upon the requirement of the Authority.
ipmwcd,Internship Programme for Women Students / Scholars / Social Activists / Teachers,IPMWCD,Central,Individual,Women and Child,Ministry of Women and Child Development,,Internship Programme; Women Student; Teachers; Scholars; Opportunity; Social Activist,"The Ministry of Women and Child Development launched the Internship Programme aims to harness the talent of the trainees, giving them an opportunity to work towards bringing more efficiency in the implementation of the schemes."
ipr,Intellectual Property Right Scheme Under MSME Innovative Scheme,IPR,Central,Infra,Business & Entrepreneurship,"Ministry Of Micro, Small and Medium Enterprises",,Patents; Trademarks; Copyrights; Designs; Geographical Indications; Business & Entrepreneurship,"Intellectual Property Right Scheme offers legal and intellectual property filing support including patents, trademarks, copyrights, designs, geographical indications (GI) etc."
ipsfiomca,Internship Programme At Serious Fraud Investigation Office,SFIO,Central,Individual,Education & Learning,Ministry of Corporate Affairs,,Internship; Student; Corporate; Fraud; Investigation,"The Internship Programme at SFIO was started in 2017 to provide a platform for the interaction of talented and young scholars and researchers from reputed academic institutions who are pursuing Post-Graduation/Research Programs in Economics/ Commerce/Law/ Management and Computer Forensics, etc."
ipwccb,Internship Programme Of The Wildlife Crime Control Bureau (MoEFCC),IPWCCB,Central,Individual,"Education & Learning; Agriculture,Rural & Environment","Ministry Of Environment,forests and climate change",,Research Internship; Wildlife Protection; Wildlife Crime Prevention; Student; Environment; Education,Internship at Wildlife Crime Control Bureau (WCCB) provides an excellent opportunity for students/researchers to familiarize themselves with various issues related to wildlife & the functioning of WCCB. The intern shall have an orientation session and will be assigned specific areas of work.
irdpp-rihrdu,Industrial R&D Promotion Programme: Recognition Of In-House R&D Units,IRDPP-RIHRDU,Central,Infra,"Science, IT & Communications; Business & Entrepreneurship",Ministry Of Science And Technology,,Registration; Research; Development; Industry; Business,"DSIR is operating a scheme called ""Recognition of In-House R&D Units"" with the objective of granting recognition & registration to in-house R&D units established by the corporate industry. The In-house R&D units are expected to be engaged in innovative research & development activities."
is,Incubation Scheme,IS,Central,Infra,Business & Entrepreneurship,"Ministry Of Micro, Small and Medium Enterprises",,Capital Support; Plant And Machinery; Financial Support; Business & Entreurprneurship,Incubation Scheme aims to promote and support untapped creativity and to promote adoption of latest technologies in MSMEs that seek the validation of their ideas at the proof-of-concept level.
is-dea,Internship Scheme Of The Department Of Economic Affairs,IS-DEA,Central,Individual,Education & Learning,Ministry Of Finance,,Internship; Student; Postgraduate; Education,"The Internship Scheme aims to familiarise students with macro-economic policy formulation and economic research. Through this scheme, internship opportunities with token remuneration are provided to eligible Post Graduate and PhD students."
isac,Integrated Scheme on Agriculture Cooperation,ISAC,Central,Infra,"Agriculture,Rural & Environment",Ministry Of Agriculture and Farmers Welfare,,Financial Assistance; Improve Economic Conditions; Loan,"The Integrated Scheme on Agriculture Cooperation (ISAC) is a Central Sector Scheme of the Ministry of Agriculture and Farmers Welfare, Government of India. It is being implemented through the National Cooperative Development Corporation (NCDC)."
isdmtpp,Institutional Support for Development and Marketing of Tribal Products/Produce,ISDMTP/P,Central,Infra,Social welfare & Empowerment; Skills & Employment,Ministry Of Tribal Affairs,,Tribal Products; Marketing; TRIFED; Empowerment; Livelihood; Scheduled Tribe,"The scheme “Institutional Support for development and Marketing of Tribal Products/Produce” was introduced in 2014-15 by the Ministry of Tribal Affairs, Government of India."
isec,Interest Subsidy Eligibility Certificate (ISEC) Scheme,ISEC,Central,Infra,Education & Learning,"Ministry Of Micro, Small and Medium Enterprises",,Khadi Institution; Central Government; Khadi & Village Industries Boards; Credit,The scheme aims to provide concessional working capital loans at 4% interest to khadi institutions through interest subsidy support.
isepfo,Internship Scheme Of Employees’ Provident Fund Organisation (EPFO),ISEPFO,Central,Individual,Education & Learning,Ministry Of Labour and Employment,,Internship; Student; Provident Fund; Remuneration; Law,The Internship Scheme of Employees’ Provident Fund Organization invites applications for Internships from students for engagement as “Interns” with EPFO. The “Interns” shall have an opportunity to know about the EPFO’s functioning and Departmental Policy issues in EPFO and Government of India.
isepqisrdceoplccn,Integrated Scheme for Export Promotion & Quality Improvement in Spices and Research and Development of Cardamom: Export Oriented Production: Large Cardamom Certified Nursery (Unit),ISEPQISRDC:EOP:LCCN,Central,Individual,"Agriculture,Rural & Environment; Business & Entrepreneurship",Ministry Of Commerce And Industry,,Farmer; Nursery; Export; Subsidy; Agriculture; DBT,"The scheme ""Export Oriented Production: Large Cardamom Certified Nursery (Unit)"" is a Sub-Scheme of the Integrated Scheme for Export Promotion & Quality Improvement in Spices and Research and Development of Cardamom by the Spice Board, Department of Commerce and Industry, Ministry of Commerce."
isfepqiisar,Integrated Scheme for Export Promotion & Quality Improvement in Spices and Research and Development of Cardamom:Large cardamom Irrigation Land Development : Irrigation / water storage structures(nos),ISFEPQIISAR,Central,Individual,"Agriculture,Rural & Environment",Ministry Of Commerce And Industry,,Agriculture; Farmer; Farming; Water Storage Structures; Subsidy,"The scheme aims to motivate the growers to bring more area under irrigation by constructing water storage structures, rain water harvesting structures and installation of irrigation equipments for increasing the productivity and improving quality of large cardamom."
isfepqiisaradoceoplcrnp,Integrated Scheme for Export Promotion & Quality Improvement in Spices and Research and Development of Cardamom: Export Oriented Production:Large Cardamom Replanting/New planting (Ha),ISFEPQIISARADOCEOPLCRNP,Central,Individual,"Agriculture,Rural & Environment",Ministry Of Commerce And Industry,,Agriculture; Farming; Farmer; Subsidy,"Under this scheme, growers are encouraged to adopt systematic replanting of large cardamom using high-yielding, disease-free planting materials. It aims to increase productivity, improve quality, and enhance export competitiveness under the Spices Board of India."
isfepqiisaradocnsbqtos,Integrated Scheme for Export Promotion & Quality Improvement in Spices and Research and Development of Cardamom: New Subcomponents: Basic quality testing of spices,ISFEPQIISARADOCNSBQTOS,Central,Individual,"Agriculture,Rural & Environment; Banking,Financial Services and Insurance; Business & Entrepreneurship",Ministry Of Commerce And Industry,,Entrepreneurs; Agriculture; Farmers; Spices Board,"To promote field-level basic quality testing of spices, enabling farmers to assess produce quality, negotiate better prices, and receive fair value for their produce."
isfepqiisaradocofcovu,Integrated Scheme for Export Promotion & Quality Improvement in Spices and Research and Development of Cardamom: Organic Farming: Construction of vermicompost unit (nos),ISFEPQIISARADOCOFCOVU,Central,Individual,"Agriculture,Rural & Environment; Business & Entrepreneurship",Ministry Of Commerce And Industry,,Farm; Farming; Spices; Agriculture,To promote the growers for on-farm production of vermicompost by constructing vermicompost units in the farm itself to produce quality vermicompost for maintaining soil fertility to promote organic production of spices
isfepqiisaradocofics,Integrated Scheme for Export Promotion & Quality Improvement in Spices and Research and Development of Cardamom: Organic Farming: Internal Control System (ICS) (nos),ISFEPQIISARADOCOFICS,Central,Individual,"Agriculture,Rural & Environment; Business & Entrepreneurship",Ministry Of Commerce And Industry,,Organic Regulations; Farming; Farmers; Internal Control System,"Under this scheme to support the grower groups / FPOs to establish grower group certification in order to prepare farmers on group formation, organic regulations, certification procedures, training, documentation, internal inspection etc. for organic certification and aggregation of the produce."
isfepqiisaradocofocg,Integrated Scheme for Export Promotion & Quality Improvement in Spices and Research and Development of Cardamom: Organic Farming: Organic Certification Groups,ISFEPQIISARADOCOFOCG,Central,Individual,"Agriculture,Rural & Environment; Business & Entrepreneurship",Ministry Of Commerce And Industry,,Farming; Organic Spices; Farmer; Organic; Farm,Under this scheme to support farmer groups/FPOs in acquiring organic certification for the farm which is a prerequisite for marketing of organic spices.
isfepqiisaradocofosb,Integrated Scheme for Export Promotion & Quality Improvement in Spices and Research and Development of Cardamom: Organic Farming: Organic Seed bank (Ha),ISFEPQIISARADOCOFOSB,Central,Individual,"Agriculture,Rural & Environment; Business & Entrepreneurship; Banking,Financial Services and Insurance",Ministry Of Commerce And Industry,,Agriculture; Organic Seed; Herbal Spices; Bank,To establish organic seed banks in the growers’ field for multiplication of planting materials of indigenous varieties of ginger and turmeric having rich intrinsic value and herbal spices to retain purity and serve as a source for quality planting materials
isfepqiisaradocphicdscnosiccd,Integrated Scheme for Export Promotion & Quality Improvement in Spices and Research and Development of Cardamom: Post-Harvest Improvement: ICCD for Small Cardamom (nos) (Improved Cardamom Curing Devices),ISFEPQIISARADOCPHICDSCNOSICCD,Central,Individual,"Agriculture,Rural & Environment; Business & Entrepreneurship",Ministry Of Commerce And Industry,,Small Cardamom; Spices Board; Agriculture; Farming; Farmer,"The scheme aims to encourage cardamom growers to adopt Improved Cardamom Curing Devices (ICCD) for drying small cardamom, thereby improving the quality of the produce and making it more suitable for export."
isfepqiisaradocphiiflcinkdd,"Integrated Scheme for Export Promotion & Quality Improvement in Spices and Research and Development of Cardamom: Post-Harvest Improvement: ICCD for Large Cardamom in NE, Kalimpong & Darjeeling District (nos)",ISFEPQIISARADOCPHIIFLCINKDD,Central,Individual,"Agriculture,Rural & Environment; Business & Entrepreneurship",Ministry Of Commerce And Industry,,Agriculture; Cardamom; Farmer; Farming,"The scheme aims to encourage large cardamom growers to adopt Improved Cardamom Curing Devices (ICCD) for drying cardamom, thereby improving the quality of the produce and enhancing its suitability for export."
isfepqiisaradocphimd,Integrated Scheme for Export Promotion & Quality Improvement in Spices and Research and Development of Cardamom: Post-Harvest Improvement: Mint distillation (nos),ISFEPQIISARADOCPHIMD,Central,Individual,"Agriculture,Rural & Environment; Banking,Financial Services and Insurance; Business & Entrepreneurship",Ministry Of Commerce And Industry,,Mint Distillation; Farming; Agriculture; Spices Board,To motivate the Mint growers to set up modern field distillation units lined with Stainless steel in their fields to improve the efficiency of distillation unit as well as to improve the quality of oil for exports.
isfepqiisaradocphincd,Integrated Scheme for Export Promotion & Quality Improvement in Spices and Research and Development of Cardamom: Post-Harvest Improvement: Nutmeg /clove drier (nos ),ISFEPQIISARADOCPHINCD,Central,Individual,"Agriculture,Rural & Environment; Banking,Financial Services and Insurance; Business & Entrepreneurship",Ministry Of Commerce And Industry,,Agriculture; Clove; Nutmeg; Farmer; Farming,"To popularize the drying of nutmeg / clove hygienically using mechanical dryers among the farmers to produce quality nutmeg, mace and clove for exports"
isfepqiisaradocphiptnos,Integrated Scheme for Export Promotion & Quality Improvement in Spices and Research and Development of Cardamom: Post-Harvest Improvement: Pepper thresher (nos),ISFEPQIISARADOCPHIPTNOS,Central,Individual,"Agriculture,Rural & Environment; Banking,Financial Services and Insurance; Business & Entrepreneurship",Ministry Of Commerce And Industry,,Agriculture; Pepper Growers; Spices Board; Farming,To motivate the pepper growers to produce good quality pepper for export by promoting installation of pepper threshers for hygienic separation of pepper berries from the spikes.
isfepqiisaradocphiscgsgsnos,Integrated Scheme for Export Promotion & Quality Improvement in Spices and Research and Development of Cardamom: Post-Harvest Improvement:Spice Cleaners / Graders/ Spiral gravity Separators (nos),ISFEPQIISARADOCPHISCGSGSNOS,Central,Individual,"Agriculture,Rural & Environment",Ministry Of Commerce And Industry,,Spice Cleaners; Agriculture; Graders; Farmer; Spices Board,"The objective of the scheme is to promote the adoption of Spice Cleaners, Graders, and Spiral Gravity Separators to increase profitability in spice production through mechanization and improve the quality of spices for domestic consumption and export."
isfepqiisaradocphissm,Integrated Scheme for Export Promotion & Quality Improvement in Spices and Research and Development of Cardamom: Post-Harvest Improvement: Spice Slicing machines ( nos),ISFEPQIISARADOCPHISSM,Central,Individual,"Agriculture,Rural & Environment; Business & Entrepreneurship; Banking,Financial Services and Insurance",Ministry Of Commerce And Industry,,Spices Board; Agriculture; Spice Slicing Machines; Farming,"The objective of the scheme is to promote the adoption of Spice Slicing Machines to mechanize post-harvest processing, improve operational efficiency, and enhance the quality of spices for export."
isfepqiisaradocphisst,Integrated Scheme for Export Promotion & Quality Improvement in Spices and Research and Development of Cardamom: Post-Harvest Improvement: Seed spice thresher (nos),ISFEPQIISARADOCPHISST,Central,Individual,"Agriculture,Rural & Environment; Business & Entrepreneurship; Banking,Financial Services and Insurance",Ministry Of Commerce And Industry,,Agriculture; Seed; Spice; Farming; Farmers,To motivate the farmers to adopt hygienic threshing practices for production of quality seed spices using mechanical seed spices threshers (power operated)
isfepqiisaradocphiswm,Integrated Scheme for Export Promotion & Quality Improvement in Spices and Research and Development of Cardamom: Post-Harvest Improvement: Spice Washing Machines (nos ),ISFEPQIISARADOCPHISWM,Central,Individual,"Agriculture,Rural & Environment",Ministry Of Commerce And Industry,,Agriculture; Farming; Spice Washing Machines; Farmer; Spices Board,The objective of the scheme is to promote the adoption of Spice Washing Machines to increase profitability in spice production through mechanization and improve the quality of spices for export.
isfepqiisaradocphitbnos,Integrated Scheme for Export Promotion & Quality Improvement in Spices and Research and Development of Cardamom: Post-Harvest Improvement: Turmeric boiler ( nos),ISFEPQIISARADOCPHITBNOS,Central,Individual,"Agriculture,Rural & Environment; Business & Entrepreneurship",Ministry Of Commerce And Industry,,Agriculture; Turmeric Boiler; Farmer; Farming,To motivate the growers to boil the turmeric hygienically using steam boiling unit and to produce quality turmeric suitable for exports
isfepqiisaradocrssoss,Integrated Scheme for Export Promotion & Quality Improvement in Spices and Research and Development of Cardamom: Reintroduced subcomponents:Supply of Silpaulin Sheets (nos),ISFEPQIISARADOCRSSOSS,Central,Individual,"Agriculture,Rural & Environment",Ministry Of Commerce And Industry,,Agriculture; Spices Growers; Farmer; Farming,"The objective of the scheme is to encourage spice growers to adopt hygienic drying practices by using Silpaulin Sheets, thereby improving the quality of spices."
isfepqiisaradocscildie,Integrated Scheme for Export Promotion & Quality Improvement in Spices and Research and Development of Cardamom:  Small Cardamom Irrigation Land Development : Irrigation equipment (Nos.),ISFEPQIISARADOCSCILDIE,Central,Individual,"Agriculture,Rural & Environment",Ministry Of Commerce And Industry,,Gravity Equipments; Irrigation Pump; Micro Sprinkler Sets; Farmer,The objective of the scheme is to encourage small cardamom growers to bring more area under irrigation and land development in order to increase productivity and improve the quality of small cardamom.
isfepqiisaradocscildiwss,Integrated Scheme for Export Promotion & Quality Improvement in Spices and Research and Development of Cardamom : Small Cardamom Irrigation Land Development : Irrigation / Water Storage Structure (nos),ISFEPQIISARADOCSCILDIWSS,Central,Individual,"Agriculture,Rural & Environment",Ministry Of Commerce And Industry,,Agriculture; Water Storage; Scheduled Castes; Scheduled Tribe; Farmer,"Under this scheme, to motivate the growers to bring more area under irrigation and land development by constructing water storage structures for increasing the productivity and improving quality of small cardamom."
isfepqiisaradocscildrwhs,Integrated Scheme for Export Promotion & Quality Improvement in Spices and Research and Development of Cardamom:Small Cardamom Irrigation Land Development : Rain water harvesting structure (nos),ISFEPQIISARADOCSCILDRWHS,Central,Individual,"Agriculture,Rural & Environment; Business & Entrepreneurship",Ministry Of Commerce And Industry,,Rain Water Harvesting; Agriculture; Land Development; Farmer; Small Cardamom,Under this scheme to motivate the growers to bring more area under irrigation and land development by constructing rain water harvesting structures for increasing the productivity and improving quality of small cardamom.
isfepqinsaradocsrnpfkt,Integrated Scheme for Export Promotion & Quality Improvement in Spices and Research and Development of Cardamom: \Small Cardamom Replanting/New Planting: For Kerala & Tamilnadu,ISFEPQINSARADOCSRNPFKT,Central,Individual,"Agriculture,Rural & Environment",Ministry Of Commerce And Industry,,Planting; Replanting; Kerala; Tamilnadu,"Under this scheme to motivate growers to improve production and productivity through systematic replanting of diseased, old, and senile plantations, and to undertake area expansion."
isfepqisaradochfiotpeset,Integrated Scheme for Export Promotion & Quality Improvement in Spices and Research and Development of Cardamom: HRD for implementation of the proposed program: Engaging Spice Extension Trainees,ISFEPQISARADOCHFIOTPESET,Central,Individual,"Banking,Financial Services and Insurance; Agriculture,Rural & Environment; Business & Entrepreneurship",Ministry Of Commerce And Industry,,Engaging Spice; Extension Trainees; Unemployed; Youth,The objective of the scheme is to assist the Spices Board in implementing its programmes while improving the employability of technically qualified unemployed youth belonging to SC/ST and other eligible categories by engaging them as Spice Extension Trainees.
isfepqisaradocnsffreishfit,Integrated Scheme for Export Promotion & Quality Improvement in Spices and Research and Development of Cardamom: New Subcomponents:FRESH-IT (Farmer’s Research & Enterprise in Spice Holdings for Innovative Technology),ISFEPQISARADOCNSFFREISHFIT,Central,Individual,"Agriculture,Rural & Environment; Business & Entrepreneurship; Banking,Financial Services and Insurance",Ministry Of Commerce And Industry,,Farming; Farmer; Enterprise; Technology,"To encourage spice farmers to adopt innovative technologies and develop improved spice varieties and cost-effective post-harvest machinery to enhance the production, productivity, and quality of spices."
isfepqisaradocnswbisfsc,Integrated Scheme for Export Promotion & Quality Improvement in Spices and Research and Development of Cardamom: New Subcomponents:Weather Based Insurance Scheme for small cardamom,ISFEPQISARADOCNSWBISFSC,Central,Individual,"Agriculture,Rural & Environment",Ministry Of Commerce And Industry,,Agricultural; Farmer; Small Cardamom; Weather Based,"To protect small cardamom growers against the adverse weather incidences such as deficit or excess rainfall, heat (temperature), relative humidity, etc. which are deemed to adversely affect the production."
isfepqisaradocphilcd,Integrated Scheme for Export Promotion & Quality Improvement in Spices and Research and Development of Cardamom: Post-Harvest Improvement: Large Cardamom Driers (nos),ISFEPQISARADOCPHILCD,Central,Individual,"Agriculture,Rural & Environment; Business & Entrepreneurship; Banking,Financial Services and Insurance",Ministry Of Commerce And Industry,,Agriculture; Farming; Farmers; Large Cardamom,"The objective of the scheme is to encourage large cardamom farmers to adopt scientific curing methods using improved drying equipment, thereby enhancing the quality of large cardamom for domestic and export markets."
isfepqisaradocphipfsclctw,"Integrated Scheme for Export Promotion & Quality Improvement in Spices and Research and Development of Cardamom: Post-Harvest Improvement: Polisher for Small Cardamom, Large Cardamom, Turmeric, etc (nos)",ISFEPQISARADOCPHIPFSCLCTW,Central,Individual,"Agriculture,Rural & Environment",Ministry Of Commerce And Industry,,Agriculture; Small Cardamom; Large Cardamom; Turmeric; Spices Board,"The scheme aims to encourage spice growers to adopt proper polishing methods for spices such as small cardamom, large cardamom, and turmeric to improve their appearance, quality, and marketability."
isfepqisaradocphiqspgiic,Integrated Scheme for Export Promotion & Quality Improvement in Spices and Research and Development of Cardamom: Post-Harvest Improvement: QGBG (Quality Gap Bridging Group) - Spice Producer’s Groups in Identified Clusters,ISFEPQISARADOCPHIQSPGIIC,Central,Individual,"Agriculture,Rural & Environment; Banking,Financial Services and Insurance; Business & Entrepreneurship",Ministry Of Commerce And Industry,,Agriculture; Farming; Farmer; Spices Board,"The objective of the scheme is to strengthen the capacity of Spice Producer Groups (SPGs) to produce spices that meet quality, safety, and traceability standards by providing support to identified groups."
ismole,Internship Scheme Of The Ministry Of Labour & Employment,ISMOLE,Central,Individual,Education & Learning,Ministry Of Labour and Employment,,Student; Internship; Labour; Law; Research,"Through the Internship Scheme, the Ministry of Labour & Employment engage eligible students as “Interns"" to work for mutual benefit. The “Interns” shall have an opportunity to know about the Government functioning and Department Policy issues in the Government of India."
ispgrsdgtr,Internship Scheme For PG/Research Students In Directorate General Of Trade Remedies (DGTR),ISPGRSDGTR,Central,Individual,Education & Learning,Ministry Of Commerce And Industry,,Internship; Internship; Trade; Commerce; Research; Postgraduation,"The Internship Scheme by the Directorate General of Trade Remedies (DGTR) provides opportunities for young scholars, especially from Law / Economics stream, interested in learning about trade remedial investigations."
isuidai,Internship Scheme By The Unique Identification Authority Of India (UIDAI),ISUIDAI,Central,Individual,Education & Learning,Ministry of Electronics and Information Technology,,Internship; Legal; Cyber Law; Management; Student,"The Internship Scheme by the UIDAI enables the students to gain adequate exposure to various Technology tracks and other units within UIDAI Headquarters, Technology Centre and Regional offices. It would be expected to work in the field of application development, legal domains (cyber laws/IT) etc."
itiscbic,Indirect Tax Internship Scheme In Central Board Of Indirect Taxes And Customs (CBIC),ITISCBIC,Central,Individual,Education & Learning,Ministry Of Finance,,Student; Individual; Tax; Finance; Law,"The ""Indirect Tax Internship Scheme"" by CBIC takes Law Students/ Graduates as Interns every year. The interns are expected to study case files, assist in legal research and drafting of petitions, brief the counsels and extend any other related legal/general assistance to officers/counsels."
itsp,Scheme of Cash Incentive to Medal Winners in International Sports Events and their Coaches,ITSP,Central,Individual,Sports & Culture,Ministry Of Youth Affairs & Sports,,Medal; Sports; Events; Awards,"The objective of the scheme is to reward outstanding sportspersons for their achievements at the global level. It aims to simplify eligibility, improve the award process, motivate athletes to achieve higher, and inspire young people to take up sports."
iu-sss-ner,“Ishan Uday” Special Scholarship Scheme For North Eastern Region,IUSSSNER,Central,Individual,Education & Learning,Ministry of Education,,Scholarship; North Eastern Region; Ishan; Uday; Student,"A scholarship scheme by the Ministry of Education and the University Grants Commission. Taking special interest with regard to the promotion of higher education in the NER, i.e. for improving the GER, promoting higher education, and encouraging children belonging to the economically weaker sections."
ivri-is,IVRI Institute Scholarship For M.V.Sc. And Ph.D.,IVRI IS,Central,Infra,Education & Learning,Ministry Of Agriculture and Farmers Welfare,,IVRI Institute; Scholarship; Students; Study; PhD,The Indian Veterinary Research Institute will award scholarships to MVSc and PhD students who need financial assistance.his provision will be utilized to assist as many students as possible who have good academic record and who are making diligent efforts to pursue higher education.
jcbs,J.C. Bose Fellowship,JCBS,Central,Individual,"Education & Learning; Science, IT & Communications",Ministry Of Science And Technology,,Fellowship; Science; Research; Scientist; Bose,The “J.C. Bose fellowship” is awarded to active scientists in recognition of their outstanding performance. The fellowship is scientist-specific and very selective.
jdrcs,Jute Design Resource Centre Scheme,JDRCS,Central,Individual,Business & Entrepreneurship,Ministry Of Textiles,,Artisan; Exporter; Entrepreneur; Design; Training; Workshop; Innovation,"The scheme aims to foster innovation and product diversification in the Jute Diversified Products sector. It provides innovative designs, skill training, and technical specifications to Jute Artisans, Micro Small and Medium Enterprises, Exporters, and Women Self Help Groups."
jds,Jute Diversification Scheme,JDS,Central,Individual,Business & Entrepreneurship,Ministry Of Textiles,,Artisan; Entrepreneur; Training; Employment; Subsidy; Equipment; Incentive,"The scheme aims to set up production centres to promote eco-friendly jute products and generate sustained employment. It provides skill training, machine subsidies, and financial incentives to collaborating agencies, targeting artisans, women self-help groups, and entrepreneurs."
jiyo-parsi,Scheme for Containing Population Decline of Small Minority Communities,JIYO PARSI,Central,Family,Health & Wellness,Ministry Of Minority Affairs,,Parsi; Jiyo Parsi; Population; Medical; Health Of Community,"The objective of the scheme is to reverse the declining trend of Parsi population by adopting a scientific protocol and structured interventions, stabilize their population and increase the population of Parsis in India."
jjm,Jal Jeevan Mission,JJM,Central,Family,Utility & Sanitation,Ministry Of Jal Shakti,,Rural Household; Water Supply; Household Tap,"Jal Jeevan Mission, is envisioned to provide safe and adequate drinking water through individual household tap connections by 2024 to all households in rural India."
journal-grants,"Scheme of Grant-in-Aid for Professional Associations/ Organisations of Social Scientists including Universities, Colleges and Research Institutes for Publication/ Running of their Research Journal(s)",RESEARCH JOURNAL GRANT,Central,Individual,Education & Learning,Ministry of Education,,ICSSR Grants; Journal Publication Support; Research Promotion; Academic Journals; Research Funding,"The Indian Council of Social Science Research (ICSSR), under the Ministry of Education, Government of India, provides Grants-in-Aid to professional associations, organisations of social scientists, universities, colleges, and research institutes"
jrcpc,Jute Resource-Cum-Production Centre,JRCPC,Central,Infra,Skills & Employment,Ministry Of Textiles,,Training Skilling Program; Production; Resource; Sales; Marketing,Jute Resource-Cum-Production Centre (JRCPC) will be set up in the local clusters and localities across the country in collaboration with bonafide Agencies who have adequate experience in training and skilling programs and have required training cum-production infrastructure.
jrfbio,Junior Research Fellowship,JRFBIO,Central,Individual,Education & Learning,Ministry Of Science And Technology,,Financial Assistance; Research Scientist; Lecturer; Professor,"The Department of Biotechnology, Ministry of Science & Technology, Government of India provides fellowships for pursuing research in biotechnology and life-sciences through the ""DBT-Junior Research Fellowship"" (DBT-JRF) Programme."
jrfrafn,Junior Research Fellowship (JRF) And Research Associateship (RA) For Foreign Nationals,JRFRAFN,Central,Individual,Education & Learning,Ministry of Education,,Fellowship; Research; Foreign,"The scheme was initiated keeping in view the political and cultural bilateral relations of India with other developing countries: Asia, Africa, Latin America. The scheme has opened new vistas for foreign students and teachers, enable them to come to India and undertake advanced studies and research."
jrfshss,"Junior Research Fellowship In Sciences, Humanities, And Social Sciences",JRFSHSS,Central,Individual,"Education & Learning; Science, IT & Communications",Ministry of Education,,Fellowship; Research; Junior; University; Students,"The scheme of Junior Research Fellowship in Sciences, Humanities, and Social Science by UGC, Dept. of Education, is open to candidates who qualify for the National Eligibility Test-Junior Research Fellowship(NET-JRF) of the UGC and the UGC-Council of Scientific and Industrial Research (UGC-CSIR)."
jrfst,Junior Research Fellowship In Engineering & Technology,JRFST,Central,Individual,"Education & Learning; Science, IT & Communications",Ministry of Education,,Fellowship; Science,"The scheme ""Junior Research Fellowship in Engineering & Technology"" by the University Grants Commission (UGC), Department of Higher Education is meant for candidates who wish to pursue research leading to a Ph.D. degree in engineering and technology."
jrmbs,Jute Raw Material Bank Scheme,JRMBS,Central,Infra,"Banking,Financial Services and Insurance",Ministry Of Textiles,,Raw Material; Jute; Operating Agencies; WSHGs; Small Units,"Jute Raw Material Bank Scheme (JRMB) will be set up in the local clusters across the country in collaboration with bonafide Agencies who have adequate experience in similar activities and have the required storage, display, and selling infrastructure."
jrpsa,Jeevan Raksha Padak Series of Awards,JRPSA,Central,Individual,Social welfare & Empowerment,Ministry Of Home Affairs,,Award; Financial Assistance; Disasters; Lifesaving,"The scheme aims to recognize bravery in saving lives and provide medals, certificates, and financial allowances to deserving individuals."
jssk,Janani Shishu Suraksha Karyakram,JSSK,Central,Individual,Health & Wellness; Women and Child,Ministry Of Health & Family Welfare,,Pregnant; Newborn Child; Medicine; Free Diet; Women; Diagnostics; Free Transport For Hospitalisation,"The scheme aims to provide completely free and cashless delivery, including caesarean section, for pregnant women at government health facilities along with free treatment for sick newborns and infants."
jsy1,Janani Suraksha Yojana (JSY),JSY1,Central,Individual,Health & Wellness; Women and Child,Ministry Of Health & Family Welfare,,Pregnancy; Woman; Female; Delivery; Child; Health,"The scheme aims to reduce maternal and neonatal mortality by promoting institutional deliveries among poor pregnant women. It offers cash assistance for institutional and home deliveries, along with antenatal and postnatal care support, primarily benefiting poor pregnant women across India."
kcc,Kisan Credit Card,KCC,Central,Individual,"Agriculture,Rural & Environment",Ministry Of Agriculture and Farmers Welfare,,Kisan; Credit Card; Farmer; Farming; Banking,The Kisan Credit Card (KCC) scheme was introduced in 1998 for issue of Kisan Credit Cards to farmers on the basis of their holdings for uniform adoption by the banks so that farmers may use them to readily purchase agriculture inputs and draw cash for their production needs.
kgdp,Kendriya Grihmantri Dakshata Padak,KGDP,Central,Individual,"Skills & Employment; Public Safety,Law & Justice",Ministry Of Home Affairs,,Police Forces; Award; Security Organization; Excellent Work,"The scheme aims to recognize excellent work, promote high professional standards, and boost morale of personnel serving in police forces, security organizations, intelligence units, and forensic science institutions across India."
kiscusi,Khelo India Scheme: Creation and Upgradation of Sports Infrastructure,KISCUSI,Central,Individual,Sports & Culture,Ministry Of Youth Affairs & Sports,,Sports Infrastructure; Sports Equipment; State Governments; Educational Institutions; Sports Grants,"The scheme component aims to create and upgrade sports infrastructure across the country by providing financial assistance for modern sports facilities, sports science infrastructure, and sports equipment to eligible entities."
kisfim,Khelo India Scheme: Fit India Movement,KISFIM,Central,Infra,Sports & Culture,Ministry Of Youth Affairs & Sports,,Fit India Movement; Physical Fitness; Fitness Campaigns; Sports Development; Community Participation,"The scheme aims to promote physical fitness among all citizens by encouraging regular physical activity, conducting fitness assessments, certifying schools, and organizing fitness campaigns and events."
kiskicsa,Khelo India Scheme: Khelo India Centres and Sports Academies,KISKICSA,Central,Infra,Sports & Culture,Ministry Of Youth Affairs & Sports,,Khelo India Centres; Sports Infrastructure; State Centre Of Excellence; Talent Development; Sports Training; Coaching Support,"The scheme aims to encourage sports across the country by strengthening sports infrastructure, coaching, talent development, and sports academies, thereby promoting excellence in sports and holistic development of children and youth."
kispits,Khelo India Scheme: Promotion of Inclusiveness through Sports,KISPITS,Central,Infra,Sports & Culture,Ministry Of Youth Affairs & Sports,,Sports For Peace And Development; Rural Games; Indigenous Games; Tribal Games; Talent Development; Sports Competitions; Para Sports,"The scheme aims to promote social inclusion, gender equality, peace, development, and participation in sports by supporting rural and indigenous games, sports for women, persons with disabilities, and youth in disturbed areas across the country."
kissctd,Khelo India Scheme: Sports Competitions and Talent Development,KISSCTD,Central,Individual,Sports & Culture,Ministry Of Youth Affairs & Sports,,Sports Competitions; Talent Development; Talent Identification; Community Coaching Development; Sports Academies; Sports Excellence,"The scheme aims to encourage sports participation, identify and nurture sporting talent, and provide development opportunities through sports competitions, talent development programmes, and community coaching initiatives across India."
kkjby,Janshree Bima Yojana for Khadi Artisans,KKJBY,Central,Infra,"Banking,Financial Services and Insurance; Social welfare & Empowerment; Education & Learning; Business & Entrepreneurship","Ministry Of Micro, Small and Medium Enterprises",,Insurance; Entrepreneur; Business; Persons With Disability; Citizen Empowerment,"The scheme aims to provide insurance cover to Khadi artisans. Through this scheme, group insurance benefits are provided to Khadi artisans (spinners and weavers)."
ksis,Kera Suraksha Insurance Scheme,KSIS,Central,Individual,"Banking,Financial Services and Insurance; Agriculture,Rural & Environment",Ministry Of Agriculture and Farmers Welfare,,Coconut Tree Climber; Insurance; Neera Technician; Coconut Harvester,"The ‘Kera Suraksha Insurance Scheme’ is a comprehensive Group Personal Accident Insurance Scheme, implemented by Coconut Development Board in association with Public Insurance companies for Coconut Tree Climbers/Neera Technicians/Coconut Harvesters."
kvps,Kisan Vikas Patra Scheme,KVPS,Central,,"Banking,Financial Services and Insurance",Ministry Of Finance,,Kisan; Investment; Savings; Certificate,"‘Kisan Vikas Patra Scheme’ was relaunched in the year 2014 by the Department of Economic Affairs, Ministry Of Finance, Government of India in view of the popular demand and to revitalize Small Savings. The amount invested in Kisan Vikas Patra (KYP) doubles in 115 months at the present rate."
kvpy,Kishore Vaigyanik Protsahan Yojana,KVPY,Central,Individual,"Education & Learning; Science, IT & Communications",Ministry Of Science And Technology,,Scientist; Student; Science; Fellowship; Research,"The KVPY is a national fellowship program in basic sciences, initiated and funded by the Department of Science and Technology to attract exceptionally motivated students to pursue basic science courses and a research career in science."
kvyoj,Khadi Gramodyog Vikas Yojana: Khadi Vikas Yojana,KGVYKVY,Central,Individual,Business & Entrepreneurship,"Ministry Of Micro, Small and Medium Enterprises",,Khadi; Gramodyog; Khadi Production; Village Industries; Khadi Artisans; Interest Subsidy,"The scheme aims to increase productivity and wages of Khadi artisans, improve production infrastructure, boost employment and sales, revive traditional rural skills, modernize sales outlets, and promote marketing and exports."
ky-smsp,Krishonnati Yojana - Sub Mission On Seed And Planting Material (SMSP),KY-SMSP,Central,Individual,"Agriculture,Rural & Environment",Ministry Of Agriculture and Farmers Welfare,,Farmer; Agriculture; Subsidy,"The Sub-Mission on Seeds and Planting Material (SMSP) aims to increase the production of certified / quality seed, increase SRR, upgrade the quality of farm-saved seeds, strengthen the seed multiplication chain, promote new technologies and methodologies in seed production, processing, testing, etc."
lbssf-els,Loan Based Schemes For Safai Karamchari - Education Loan,LBSSF-EL,Central,Individual,"Education & Learning; Banking,Financial Services and Insurance; Social welfare & Empowerment",Ministry Of Social Justice and Empowerment,,Professional Course; Technical Course; Education Loan; Student; Manual Scavengers; Waste Pickers; Safai Karamcharis,The scheme aims to provide education loans to the students from the community of safai karamcharis\manual scavengers & their dependents for pursuing higher education.
lbssf-gtl,Loan Based Schemes For Safai Karamchari - General Term Loan (GTL),LBSSF-GTL,Central,Family,"Business & Entrepreneurship; Banking,Financial Services and Insurance; Social welfare & Empowerment; Utility & Sanitation",Ministry Of Social Justice and Empowerment,,Safai Karamcharis; Entrepreneurship; Loan; Financial Assistance; Credit; Sanitation; Manual Scavengers; Waste Pickers,"A general term loan scheme by the Ministry of Social justice and Empowerment for Safai Karamchari, Manual Scavengers, and their dependants aged 18 years and above."
lbssk-sms,Loan Based Schemes For Safai Karamchari - Sanitary Marts Scheme,LBSSK-SMS,Central,Infra,"Business & Entrepreneurship; Banking,Financial Services and Insurance; Social welfare & Empowerment; Utility & Sanitation",Ministry Of Social Justice and Empowerment,,Sanitary Mart; Loan; Financial Assistance; Credit; Sanitation; Manual Scavengers; Waste Pickers; Safai Karamcharis,A sanitary mart is a one-stop-shop for all things for sanitation and hygiene. It is a shopping place where the sanitary needs of the common man could be met. It serves both as a shop and as a service centre.
lbssk-spuct,Loan based Scheme for Pay and Use Community Toilets,LBSFPAUCT,Central,,"Banking,Financial Services and Insurance; Social welfare & Empowerment; Utility & Sanitation",Ministry Of Social Justice and Empowerment,,Pay And Use Toilets; Toilet Construction Loan; Safai Karamchari,"The “Pay and Use” Community Toilets Scheme under Swachhta Udyami Yojana by NSKFDC offers concessional loans to Safai Karamcharis and their dependents for setting up public toilet units, promoting sanitation, livelihood, and dignity."
lbssk-suy,Loan Based Schemes For Safai Karamchari - Swachhta Udyami Yojana – Swachhta Se Sampannta Ki Aur,LBSSK-SUY,Central,Infra,"Utility & Sanitation; Business & Entrepreneurship; Banking,Financial Services and Insurance; Social welfare & Empowerment",Ministry Of Social Justice and Empowerment,,Entrepreneurship; Loan; Financial Assistance; Credit; Sanitation; Manual Scavengers; Waste Pickers; Safai Karamcharis,The scheme aims to ensure mechanised cleaning and provide related safe and sustainable livelihood opportunities to Safai Karamcharis and liberated Manual Scavengers. The Financial assistance is provided for the procurement and operation of sanitation-related equipment and vehicles for the target.
lcildie,Large cardamom Irrigation Land Development : Irrigation equipment (nos),LCILDIE,Central,Individual,"Agriculture,Rural & Environment",Ministry Of Commerce And Industry,,Rain Water Harvesting; Land Holding; Agriculture; Farmer,"The scheme aims to motivate the growers to bring more area under irrigation by constructing water storage structures, rain water harvesting structures and installation of irrigation equipments for increasing the productivity and improving quality of large cardamom."
lcildrh,Large cardamom Irrigation Land Development : Rainwater harvesting structure(nos),LCILDRH,Central,Individual,"Agriculture,Rural & Environment",Ministry Of Commerce And Industry,,Rainwater Harvesting Structure; Water Storage; Agriculture; Water Storage,"The scheme aims to motivate the growers to bring more area under irrigation by constructing water storage structures, rain water harvesting structures and installation of irrigation equipments for increasing the productivity and improving quality of large cardamom"
leaaps,"Logistics Excellence, Advancement, and Performance Shield",LEAAPS,Central,Individual,Business & Entrepreneurship,Ministry Of Commerce And Industry,,Startups; Award; Industry; MSME,"The scheme aims to acknowledge and celebrate best practices and innovations in the logistics industry across sectors. It also aims to promote sustainability, efficiency, and technological advancement in alignment with national logistics initiatives."
leapfund,LEAP Fund – Launching Entrepreneurial Driven Affordable Products,LEAPFUND,Central,Individual,"Science, IT & Communications",Ministry Of Science And Technology,,LEAP Fund; Technologies; Startups In Biotech; Businesses,"The LEAP Fund supports entrepreneurs in creating affordable, innovative products so more people can access useful technologies while encouraging business growth."
lhadc,Livestock Health and Diseases Control,LHADC,Central,Infra,"Agriculture,Rural & Environment","Ministry of Fisheries,Animal Husbandry and Dairying",,Animal Husbandry; Animal Health; Livestock Diseases,"The Livestock Health and Diseases Control (LH&DC) scheme is a Centrally Sponsored Scheme (CSS) implemented by the Department of Animal Husbandry and Dairying (DAHD), Ministry of Agriculture and Farmers' Welfare, Government of India."
llbip,LLB Internship Programme,LLB-IP,Central,Individual,"Education & Learning; Public Safety,Law & Justice; Skills & Employment",Ministry Of Law and Justice,,Internship; Law Students; Research; Access To Justice,"Department of Justice introduced an Internship Programme for young law students. The purpose is to well acquaint law students in the field of research & referencing work, in various specialized areas of justice delivery, such as Tele-Law, Nyaya Bandhu etc."
lpaiis,Land Ports Authority Of India (LPAI) Internship Scheme,LPAI INTERNSHIP 2025,Central,Individual,Education & Learning,Ministry Of Home Affairs,,Internship; Student; Education; Institution; Remuneration,"The Land Ports Authority of India (LPAI) is pleased to announce its annual internship program for the academic year 2025-26. This program provides a unique opportunity for students and research scholars from BBIN countries (Bhutan, India, Nepal, and Bangladesh) to gain practical experience in LPAI"
ltfhrdphr,Long Term Fellowship under the Human Resource Development Programme for Health Research,LTFHRDPHR,Central,Individual,Education & Learning,Ministry Of Health & Family Welfare,,Long Term; Fellowship; Medical; Health Research; Research; Stipend,Long Term Fellowship under the Human Resource Development Programme for Health Research aims to provide advanced training in India and abroad to medical and health research personnel in cutting-edge research areas related to medicine and health.
lws-h,Health Component of Labour Welfare Scheme,HCLWS,Central,Individual,Health & Wellness; Social welfare & Empowerment,Ministry Of Labour and Employment,,Labour; Worker; Health; Hospital; Disease; Medical; Treatment; Surgery; Medicine,"The objective of the scheme is to provide health care facilities to the Beedi workers, Cine workers & Non-Coal Mine workers {i.e. Iron Ore Mines, Manganese Ore & Chrome Ore Mines (IOMC) workers, Limestone & Dolomite Mines (LSDM) workers and Mica Mines workers} and to their dependants."
makats,Maulana Abul Kalam Azad Trophy Scheme,MAKATS,Central,Infra,Sports & Culture,Ministry Of Youth Affairs & Sports,,Sports; Award; Financial Assistance,The MAKA Trophy instituted in year 1956-57 is a rolling trophy awarded by the Ministry of Sports to the overall top performing University in sports of the preceding year for promoting competitive sports in the university sector with a view to arouse keen interest among students.
manf,Maulana Azad National Fellowship For Minority Students,MANF,Central,Individual,Education & Learning,Ministry Of Minority Affairs,2023-03-31,Fellowship; Higher Studies; Financial Assistance,Maulana Azad National Fellowship For Minority Students was launched in 2009 by the Ministry of Minority Affairs for providing financial aid to students for their higher studies.
mcfnsfdc,Micro Credit Finance (NSFDC),MCFNSFDC,Central,Individual,"Banking,Financial Services and Insurance; Business & Entrepreneurship",Ministry Of Social Justice and Empowerment,,Micro Credit; NSFDC; Loan; Self-employment; Scheduled Caste,"The scheme is implemented by the National Scheduled Castes Finance & Development Corporation, Ministry of Social Justice & Empowerment, Govt. of India. Under this scheme, loans are provided to individuals from the SC community for units costing up to ₹1,40,000/- for income-generating activities."
mcip,Mass Communication Internship Programme,MCIP,Central,Individual,Education & Learning,Ministry Of Jal Shakti,,Education; Honorarium; Student; Mass Communication; Intern,"The Mass Communication Internship Programme by the Department of Water Resources, River Development, and Ganga Rejuvenation. The intern program will offer work culture and environment knowledge about the functioning of the Government and its departments in information, education, and communication."
mcms-ugsvb-aass,Merit·cum·Means Scholarships For Under Graduate Studies In Various Branches Of Agriculture And Animal Science Subjects,MCMS-UGSVB-AASS,Central,Individual,Education & Learning,Ministry Of Agriculture and Farmers Welfare,,Scholarship; Student; Agriculture; Financial,"The scheme of ""Merit·cum·Means Scholarships For Under Graduate Studies In Various Branches Of Agriculture And Animal Science Subjects"" was introduced by ICAR with a view to attracting meritorious undergraduate students to prosecute their studies up to graduation level."
mda-fert,Market Development Assistance,MDA-FERT,Central,Individual,"Business & Entrepreneurship; Science, IT & Communications",Ministry Of Chemicals And Fertilizers,,Manufacturer; Operator; Institute; Subsidy; Fertilizer,"The scheme aims to promote organic fertilizers produced at Bio-Gas and Compressed Bio-Gas plants under the Galvanizing Organic Bio-Agro Resources Dhan initiative. It provides Market Development Assistance of ₹1,500/- per Metric Tonne to manufacturing and marketing entities of organic fertilizers."
mdas,Marketing Development Assistance Scheme,MDAS,Central,Individual,Travel & Tourism; Business & Entrepreneurship,Ministry Of Tourism,,Tourism; Financial Assistance; Promotion; Operators; International,The Marketing Development Assistance (MDA) Scheme under the Overseas Promotion & Publicity (OPP) Scheme aims to support the promotion and marketing of Indian tourism in overseas markets.
mdckra,Major Dhyan Chand Khel Ratna Award,MDCKRA,Central,Individual,Sports & Culture,Ministry Of Youth Affairs & Sports,,Sports; Award; Sportsperson; Financial Assistance,"Named after the hockey wizard Major Dhyan Chand (1905–79), an Indian legendary field hockey player, ""Major Dhyan Chand Khel Ratna Award"" is the highest sporting honour of India. Instituted in 1991–1992, the award is conferred annually by the Ministry of Youth Affairs and Sports, Government of India."
mdiis,Digital India Internship Scheme,DIIS,Central,Individual,Education & Learning; Skills & Employment,Ministry of Electronics and Information Technology,,Internship; E-Governance; Opportunity; Stipend,An opportunity for a student to secure practical work experience under the guidance of a qualified and experienced Supervisor/Mentor in Ministry of Electronics and Information Technology (MeitY) in the form of Digital India Internship Scheme.
mfs-nmdfc,Micro Finance Scheme of NMDFC,MFS-NMDFC,Central,Individual,"Banking,Financial Services and Insurance",Ministry Of Minority Affairs,,Micro Finance Scheme Of NMDFC,"Under the scheme, an amount of Rs. 1 lakh under credit Line-1 & upto Rs. 1.5 lakh under Credit Line-2 is extended to each member of SHG (belong to Minority communities) at interest rate of 7% & 10% respectively. Concession of 2% is extended to women beneficiaries under Credit Line-2."
mgnrega,Mahatma Gandhi National Rural Employment Guarantee Act,MGNREGA,Central,Individual,Skills & Employment; Social welfare & Empowerment,Ministry Of Rural Development,,Employment; Labour; Unskilled; Panchayat; Job,"An employment scheme by the MoRD, providing provide at least 100 days of guaranteed wage employment in a financial year to every rural household whose adult members volunteer to do unskilled work. Any Indian citizen above the age of 18 years and residing in a rural area can apply to this scheme."
mgscbtmp,Museum Grant Scheme: Capacity Building and Training of Museum Professionals,MGSCBTMP,Central,Infra,Sports & Culture,Ministry Of Culture,,Financial Assistance; Training Of Museum Professionals; National Training Programmes; International Training Programmes; Internship Of Museum Professionals,"The scheme aims to fund training/internships for museum professionals. Financial assistance up to ₹30,00,000/- is provided to eligible museums for deputing staff to national/international training programmes."
mgsch,Museum Grant Scheme,MGSCH,Central,Individual,Sports & Culture,Ministry Of Culture,,Museums; Cultural; Artistlc; Art And Crafts,"Under this scheme provide financial support for establishing new museums, upgrading and modernizing existing ones, promoting digitization of collections, and enhancing the skills of museum professionals across regional, state, and district levels."
mgsdmc,Museum Grant Scheme: Digitization of Museum Collections,MGSDMC,Central,Infra,Sports & Culture,Ministry Of Culture,,JATAN; Financial Assistance; Digitization; Cataloguing; Upgradation Of Hardware; Financial Grant; Upgradation Of Software,"The scheme aims to funds digitization of museum art objects and collections. Financial assistance up to ₹50,00,000/- is provided to eligible Government and non-Government museums for digitisation, cataloguing and hardware."
mi-hma-nhdp,"""Marketing Incentive"" under the ""Handloom Marketing Assistance"" Component of the National Handloom Development Programme",MI-HMA-NHDP,Central,Individual,Business & Entrepreneurship,Ministry Of Textiles,,Marketing; Incentive; Handloom; Weaver; Textile,The scheme aims to develop and promote marketing channels for handloom products to bring greater visibility to the sector and ensure commensurate remuneration to weavers. It provides Marketing Incentive to eligible handloom agencies for creating conducive conditions for marketing handloom products.
midh,Mission on Integrated Development of Horticulture- NHM and HMNEH,MIDH,Central,Infra,"Agriculture,Rural & Environment",Ministry Of Agriculture and Farmers Welfare,,Horticulture; Infrastructure; Post-harvest; Green Houses; Poly Houses; Nurseries,"The scheme aims to promote the holistic growth of the horticulture sector through production enhancement, productivity improvement, post-harvest management, processing, marketing support, skill development, and infrastructure creation for horticulture crops while augmenting farmers’ income."
mip,MANAGE Internship Programme,MIP,Central,Individual,Education & Learning,Ministry Of Agriculture and Farmers Welfare,,Internship; Student; Agriculture; Management; Environment,"MANAGE Internship Programme is open to students from the disciplines of Extension Education, Economics, Sociology, Psychology, MSW, Journalism, Communication, and Environmental Science. The internships are open year-round, and the duration ranges from 3 months upto 6 months."
mmdas,Modified Market Development Assistance Scheme,MMDAS,Central,Infra,Business & Entrepreneurship,"Ministry Of Micro, Small and Medium Enterprises",,Artisan; Production; Marketing; Subsidy; Incentive,"The scheme aims to enhance the production and sales of Khadi and Polyvastra products by supporting technology upgradation, market promotion, and providing direct incentives to artisans and Karyakartas. It targets Khadi Institutions and their associated artisans and workers."
modrob,Modernisation And Removal Of Obsolescence,MODROB,Central,Infra,Education & Learning,Ministry of Education,,Grant; Institution,"MODROB scheme, one of the AICTE Quality Improvement Scheme (AQIS), intends to support the development of laboratories with appropriate equipment/ technology/ tools/ software and encourages financial contribution from the industry."
moefccis,"Ministry of Environment, Forest and Climate Change Internship Scheme",MOEFCCIS,Central,Individual,Education & Learning,"Ministry Of Environment,forests and climate change",,Internship; Education; Training; Student; Environment; Forest And Climate Change,"The Scheme seeks to engage students, with Graduation/Postgraduation Degrees, as well as Research Scholars, enrolled in recognized Universities / Institutions within India, or abroad, as “Interns”. These ""Interns"" shall be inducted all over the country in various Divisions/Units of the Ministry."
msc,Mission Solar Charkha,MSC,Central,Infra,"Banking,Financial Services and Insurance","Ministry Of Micro, Small and Medium Enterprises",,Solar Charkha; Employment; Capital Subsidy; Solar Grid; Interest Subvention; Capacity Building; Spinner; Weaver,"The scheme “Mission Solar Charkha” a pilot project was implemented by the Ministry of Micro, Small & Medium Enterprises, Government of India. The scheme envisages setting up of Solar Charkha Clusters which would mean a focal village and other surrounding villages in a radius of 8 to 10 Kilometres."
msdst,Mobility Scheme,MSDST,Central,Individual,"Science, IT & Communications",Ministry Of Science And Technology,,Women Scientist; KIRAN; Fellowship; Mobility; Academicians; Capacity Building,"The Mobility Scheme is aimed to provide an opportunity to women scientists who are facing difficulties in their present job due to relocation (marriage, transfer of husband to any other location within the country, attending ailing parents, and accompanying children studying in different city)."
mssc,Mahila Samman Savings Certificate,MSSC,Central,Individual,"Banking,Financial Services and Insurance; Women and Child",Ministry Of Finance,,Mahila; Woman; Girl; Saving; Investment,"The scheme aims to provide a secure savings option with assured returns for women. Through this scheme, 7.5% interest and flexible savings benefits are provided to women and minor girls."
msssgc,CBSE Merit Scholarship Scheme For Single Girl Child,MSSSGC,Central,Individual,Education & Learning; Women and Child,Ministry of Education,,Scholarship; Girl Child; Meritorious; Student,"The scheme aims to promote girls’ education and provide ₹1,000 per month to meritorious single girl students studying in classes 11th and 12th."
mszcs,MSME Sustainable (ZED) Certification Scheme,MSZCS,Central,Infra,Business & Entrepreneurship,"Ministry Of Micro, Small and Medium Enterprises",,Certification; Incentives; Rewards; Zero Defect Zero Effect; Business & Entreurprneurship,MSME Sustainable (ZED) Certification Scheme is an extensive drive to create awareness amongst MSMEs about Zero Defect Zero Effect (ZED) practices and motivate and incentivize them for ZED Cerficaon while also encouraging them to become MSME Champions.
mvcppsacws,Mission Vatsalya (Child Protection Services and Child Welfare Services),MVCPPSACWS,Central,Individual,Women and Child,Ministry of Women and Child Development,,Childcare; Childhood; Vatsalya; Child Protection,"This scheme aims to ensure, sustain, and strengthen child protection at the family and community levels, promote family-based non-institutional care, and provide financial support to children in need."
n-pdf,National Post Doctoral Fellowship,N-PDF,Central,Individual,"Science, IT & Communications",Ministry Of Science And Technology,,National; Post Doctoral; Fellowship; Science; Research; Fellow,"The “National Post Doctoral Fellowship (N-PDF)” was launched by the Science and Engineering Research Board, Government of India to identify motivated young researchers and provide them support for doing research in frontier areas of science and engineering."
nacoip,National AIDS Control Organisation (NACO) Internship Programme,NACOIP,Central,Individual,Education & Learning,Ministry Of Health & Family Welfare,,Student; Internship; Health; AIDS; NACO,NACO initiated the Internship Programme for young students who wish to engage with the Government. The internship programme envisages an opportunity for young students to get familiar with and understand the various dimensions of policy-making & implementation of the National AIDS Control Programme.
naeg,National Awards for e-Governance,NAEG,Central,Infra,Business & Entrepreneurship,"Ministry Of Personnel, Public Grievances And Pensions",,Award; Financial Assistance; Research Organization; Startup; Academic Institution,"The scheme aims to recognize excellence in e-governance. It provides awards and incentives up to ₹10,00,000 to outstanding initiatives."
naepwdnaieepwddklsn,National Awards For Empowerment Of Persons With Disabilities: National Awards For Institutions Engaged In Empowering Persons With Disabilities: Divyangjano Ke Liye Sarvshrestha Niyoktha,Naepwd:naieepwd:dklsn,Central,Infra,Social welfare & Empowerment,Ministry Of Social Justice and Empowerment,,Award; Institution; Person With Disability; Public Sector Organization; Private Sector Organization; NGO,"The ""Divyangjano Ke Liye Sarvshrestha Niyoktha"" award is given by DoEPwD to the outstanding employers of the disabled under: 1. Government organization. 2. Public Sector Undertaking or Autonomous Body or Local Government Body. 3. Private or Non-Governmental Organization."
naepwdnaieepwddklspa,National Awards For Empowerment Of Persons With Disabilities: National Awards For Institutions Engaged In Empowering Persons With Disabilities: Divyangjano Ke Liye Sarvshrestha Placement Agency,Naepwd:naieepwd:dklspa,Central,Infra,Social welfare & Empowerment,Ministry Of Social Justice and Empowerment,,Award; Placement; Agency; Person With Disability,"The ""Divyangjano Ke Liye Sarvshrestha Placement Agency"" award is given by DoEPwD to the placement agency of PwDs (excluding Govt./State Govt./local bodies). The ceremony of the National Awards is held at Vigyan Bhawan. The National Awards are conferred by the Hon'ble President / Vice President."
naepwdnaieepwddksmksspriongo,"National Awards For Empowerment Of Persons With Disabilities: National Awards For Institutions Engaged In Empowering Persons With Disabilities: Divyangjanon Ke Sashaktikaran Men Karyrat Sarveshrestha Sansthan (Private Organization, NGO)","NAEPWD:NAIEEPWD:DKSMKSS(PRIO,NGO)",Central,Infra,Social welfare & Empowerment,Ministry Of Social Justice and Empowerment,,Award; Institution; Person With Disability; Citizen Empowerment; Private Organization; NGO,"The ""Divangjano ke Shashaktikaran Mein Karyrat Sarveshrestha Sansthan"" award is given by DoEPwD to an organization working for the empowerment of Persons with Disabilities for a minimum period of 10 years after registration under Society Act/ Trust Act / Section 8 of Companies Act 2013."
naepwdnaieepwdsbakkbvksmsrutz,National Awards For Empowerment Of Persons With Disabilities: National Awards For Institutions Engaged In Empowering Persons With Disabilities: Sugamya Bharat Abhiyan Ke Karyanvayan/badhamukta Vatavaran Ke Srijan Mein Sarvshrestha Rajya/ Ut/ Zila,NAEPWD:NAIEEPWD:SBAKK/BVKSMSRUTZ,Central,Infra,Social welfare & Empowerment,Ministry Of Social Justice and Empowerment,,Award; District; Person With Disability; Social Welfare,"The award is given by DoEPwD for outstanding work in Sugamya Bharat Abhiyan and the creation of a barrier-free environment/working conditions for persons with disabilities, the working place with easy mobility, toilet facilities, directions in sign language, etc."
nafie,National Award for Individual Excellence,NAFIE,Central,Individual,Social welfare & Empowerment,Ministry Of Social Justice and Empowerment,,Disabilities; National Award; Divyangjan; Visual Impairment; Hearing Impairment,"The objective of this scheme is to recognize and encourage individuals working for the empowerment of persons with disabilities, including those covered under the Rights of Persons with Disabilities Act, 2016."
nai,National Agriculture Insurance Scheme,NAI,Central,Individual,"Agriculture,Rural & Environment",Ministry Of Agriculture and Farmers Welfare,,Farmers; Crop Insurance; Agriculture Subsidy; Natural Disaster Coverage,"The National Agriculture Insurance Scheme (NAIS) was introduced by the Government of India to provide comprehensive insurance coverage and financial support to farmers against crop losses due to natural calamities, pests, and diseases."
namaste-ersufaf,"National Action for Mechanised Sanitation Ecosystem (NAMASTE) - ""Emergency Response Sanitation Unit (ERSU) Formation and Functionalisation""",NAMASTE-ERSUFAF,Central,Infra,Social welfare & Empowerment; Health & Wellness; Utility & Sanitation,Ministry Of Social Justice and Empowerment,,Sanitation; Emergency; Worker; Safety; Sewer; Septic; Training,"The scheme aims to establish professional, well-trained, motivated and adequately equipped workforce for maintenance and management of sewers and septic tanks, addressing the critical need to eliminate fatalities resulting from workers entering sewers and septic tanks without proper safety measures."
nap-sdp,National Action Plan for Skill Development of Persons with Disabilities,NAP-SDP,Central,Individual,Social welfare & Empowerment; Skills & Employment,Ministry Of Social Justice and Empowerment,,Skill; Training; Employment; Person With Disability; PwD; Citizen Empowerment; DBT,"A dedicated skill development program aimed at providing high-quality vocational training with a focus on PwDs. The objective is to enhance the skills of PwDs by providing quality vocational skill training, enabling them to gain meaningful employment and become contributing members of society."
naps,National Apprenticeship Promotion Scheme-2,NAPS-2,Central,Individual,Skills & Employment; Social welfare & Empowerment; Business & Entrepreneurship,Ministry Of Skill Development And Entrepreneurship,,Apprenticeship Training; Skilled Workforce; Up-skilling Opportunities; Skill India Programme,"To promote apprenticeship training in the country, by providing partial stipend support to the apprentices engaged under the Apprentice Act, 1961, undertaking capacity building of the apprenticeship ecosystem, and providing advocacy assistance to the stakeholders."
nari-adalat,Nari Adalat,NARIADALAT,Central,Individual,"Public Safety,Law & Justice; Social welfare & Empowerment",Ministry of Women and Child Development,,Nari Adalat; Nyaya Sakhi; Women Grievance Redressal; Affordable Justice; Women Rights Awareness; Counselling,"The scheme aims to provide an alternative grievance redressal mechanism for women at the grassroots level through mediation, counselling, and awareness of rights and entitlements."
nat,National Awards to Teachers,NAT,Central,Individual,Education & Learning,Ministry of Education,,Teacher; School; Student; Education; Award,"""National Awards to Teachers"" aims to celebrate the contributions of outstanding teachers and enhance the quality of school education. This award provides public recognition and honours the commitment of teachers, benefiting meritorious teachers working in primary, middle, and secondary schools."
nattfeivtaed,National Award to Teachers (For Excellence in Vocational Training and Entrepreneurship Development),NATTFEIVTAED,Central,Individual,Education & Learning,Ministry Of Skill Development And Entrepreneurship,,National Award; Teachers; Training; Entrepreneurship,The objective of this scheme is to recognize and honor excellence in vocational training and entrepreneurship development by faculty and trainers.
natthe,National Awards To Teachers (Higher Education),NATTHE,Central,Individual,Education & Learning,Ministry of Education,,Teacher; Educational; Awards; National,The purpose of National Awards to Teachers is to celebrate the unique contribution of some of the finest teachers in the country and to honor those teachers who through their commitment and industry have not only improved the quality of school education but also enriched the lives of their students.
nbcfdc-gls,NBCFDC General Loan Scheme,NBCFDC - GLS,Central,Individual,"Banking,Financial Services and Insurance; Social welfare & Empowerment",Ministry Of Social Justice and Empowerment,,Loan; Empowerment; Backward Class; OBC; Entrepreneur,A general loan scheme by the Ministry of Social Justice for Indian citizens from backward classes for various income-generating activities. Loan up to ₹15 Lakh per beneficiary for pursuing income-generating activities.
nbm,National Bamboo Mission,NBM,Central,Infra,"Agriculture,Rural & Environment",Ministry Of Agriculture and Farmers Welfare,,Bamboo Marketing; Quality Planting Material; Bamboo Plantation; Product Development,Restructured National Bamboo Mission was launched during 2018-19 as a Centrally Sponsored Scheme (CSS) after the historical amendment of the Indian Forest Act during 2017 to exclude bamboo out from definition of tree.
nca,National CSR Awards,NCA,Central,Individual,Business & Entrepreneurship,Ministry of Corporate Affairs,,Corporate; Awards; Industries; Companies,"The objective of the scheme is to promote excellence in CSR activities, encourage effective use of CSR funds, and ensure that benefits reach marginalized and remote communities."
nccsis,National Centre For Communication Security (NCCS) Internship Scheme,NCCSIS,Central,Individual,Education & Learning,Ministry Of Communication,,Internship; Education; Training; Student; Graduation; Bengaluru; DoT; Telecommunications; Bengaluru; Cybersecurity,The National Centre for Communication Security (NCCS) Internship Scheme allows young talent to be associated with the NCCS work for mutual benefit. It will enable NCCS to interact with young scholars and to get fresh ideas and study/ research support from the field of academics.
nccsra,National Centre for Communication Security (NCCS) Research Associates Scheme,NCCSRA,Central,#N/A,"Skills & Employment; Science, IT & Communications",Ministry Of Communication,,Cybersecurity; Research; Telecommunications; Bengaluru; ITSAR; DoT,"NCCS engages young scholars as Research Associates to contribute in development of Telecom Security eco system with in India by providing an opportunity to them to work in areas like Telecom Security Standard development, Lab recognition and Security Certification of telecom products."
ncessis,National Centre for Earth Science Studies Internship Scheme,NCESSIS,Central,Individual,Education & Learning,Ministry Of Earth Sciences,,Internship; Student; Research Scholar; Post Graduation; Graduation; Training; Dissertation; NCESS; Research,"The “National Centre for Earth Science Studies Internship” scheme by the Earth System Science Organization, Ministry of Earth Sciences, provides various opportunities for school as well as college students to familiarise and/or pursue research on different branches of earth sciences."
ncscscst,National Career Service Centers For SC/STs (Erstwhile Coaching-cum-Guidance Centre for SC/STs),NCSCSCST,Central,Individual,Skills & Employment,Ministry Of Labour and Employment,,Student; Scheduled Caste; Scheduled Tribe; Coaching; Training; Counselling; Stipend,"The scheme provides vocational guidance, confidence-building programmes, personality development sessions, practice in typing and shorthand, special coaching for competitive exams, and computer training courses. The applicant must be an educated, unemployed SC/ST jobseeker."
ndaa,National Dhanwantari Ayurveda Award,NDAA,Central,Individual,"Agriculture,Rural & Environment",Ministry Of Ayush,,National Dhanwantari; Ayurved; Award; International Level,"The objective of the award is to motivate vaidyas and Ayurveda experts to adopt and showcase best practices in Ayurveda, promoting high standards of excellence. The award also aims to encourage innovation and outstanding performance in the field through healthy competition."
ndd,Namo Drone Didi,NDD,Central,Individual,"Agriculture,Rural & Environment",Ministry Of Agriculture and Farmers Welfare,,Drone Technology; Self Help Group; Agriculture Services; Subsidy; Training; Women Empowerment,"The scheme aims to empower women by handholding them into a sustainable business model where they can increase their income, transforming the modern farming ecosystem with drone technology."
ndriis,NDRI Institute Scholarship For M.Sc. And Ph.d,NDRIIS,Central,Individual,Education & Learning,Ministry Of Agriculture and Farmers Welfare,,NDRI; Scholarship; Postgraduate Students; Doctoral Students; Dairying Education,The scheme aims to provide financial assistance to eligible Indian students admitted to M.Sc. (Dairying) and Ph.D. (Dairying) programmes at NDRI through monthly scholarships during the prescribed period of study.
nebps,Northeast BPO Promotion Scheme,NEBPS,Central,Individual,Business & Entrepreneurship; Skills & Employment,Ministry of Electronics and Information Technology,,Employment; Viability Gap Funding; Youth; Investment; Information Technology; Training,"The scheme aims to promote the establishment of BPO and Information Technology Enabled Services units in the North-Eastern region. Through the scheme, financial assistance in the form of Viability Gap Funding is provided to eligible companies."
neca,National Energy Conservation Award,NECA,Central,Individual,Transport & Infrastructure; Business & Entrepreneurship,Ministry Of Power,,National Award; Industries; Building; Transport; Electricity,The scheme aims to recognize and reward organizations for their exemplary efforts in energy conservation and energy efficiency.
necms,Financial Support To The Students Of N.E.R For Higher Professional Courses (NEC Merit Scholarship),NECMS,Central,Individual,Education & Learning,Ministry Of Development Of North Eastern Region,,Scholarship; Student,The scholarship scheme aims to support students of the North Eastern States undergoing studies in different disciplines at different levels in Institutions inside as well as outside the North-East but within the country.
nfbs,National Family Benefit Scheme,NFBS,Central,Family,Social welfare & Empowerment,Ministry Of Rural Development,,Household; Family; Below Poverty Line; BPL,"A family welfare scheme under the umbrella scheme ‘National Social Assistance Programme’ (NSAP) by MoRD. In this scheme, financial assistance is provided to the bereaved households in case of the death of the primary breadwinner irrespective of the cause of death."
nfos,National Fellowship For OBC Students,NFOS,Central,Individual,Education & Learning,Ministry of Education,,Fellowship; OBC,"""National Fellowship for OBC Students"" was launched by the University Grants Commission (UGC) during the financial year 2014-15 to increase the opportunities for the students of Other Backward Classes (OBCs) to pursue higher education leading to acquiring degrees such as M.Phil. and Ph.D."
nfsmcss,National Food Security Mission NFSM,NFSMCSS,Central,Individual,"Agriculture,Rural & Environment",Ministry Of Agriculture and Farmers Welfare,,Demonstration; Seed Distribution; Seed Hub; Seed Production; Pulses; Rice; Wheat; Nutri Cereals; Millets,"National Food Security Mission was launched in 2007-08 to increase the production of rice, wheat and pulses. Later, coarse cereals, nutri cereals, commercial crops (sugarcane, jute, and cotton) were also added to the mission."
nga,National Geoscience Awards,NGA,Central,Individual,"Agriculture,Rural & Environment; Business & Entrepreneurship",Ministry Of Mines,,Geoscience; Awards; Mineral Discovery; Mining Technology,"The objective of the scheme is to honour individuals and teams for extraordinary achievements and outstanding contributions in the field of mineral discovery & exploration, fundamental / applied geosciences, mining and allied areas."
ngra,National Gopal Ratna Award,NGRA,Central,Individual,"Agriculture,Rural & Environment","Ministry of Fisheries,Animal Husbandry and Dairying",,Dairy Farmer; Milk; Award; AI Technicians; Dairy Organizations; Monetary Incentive,"The scheme aims to promote scientific dairy practices and AI coverage. It provides awards, recognition, and monetary incentives to farmers, dairy organizations, and AI technicians."
nhdp-dba-saic,National Handicrafts Development Programme: Direct Benefit to Artisans - Supports to Artisans in Indigent Circumstances,NHDP-DBA-SAIC,Central,Individual,Sports & Culture; Social welfare & Empowerment,Ministry Of Textiles,,Pension; Artisan; Handicraft; Senior Citizen; Financial Assistance; Social Welfare,"The scheme ""Direct Benefit to Artisans - Supports to Artisans in Indigent Circumstances"" is designed to give a boost to the handicraft sector in India. Assistance of upto ₹8,000/- per month is granted to the Artisans in Indigent Circumstances in the form of monthly allowance/lump sum grant/ both."
nhdp-iandts-emporia,National Handicrafts Development Programme: Infrastructure And Technology Support: EMPORIA,NHDP-I&TS-EMPORIA,Central,Infra,Business & Entrepreneurship; Skills & Employment,Ministry Of Textiles,,Artisan; Weaver; Entrepreneurship; Business; Exhibition,"In the scheme ""Infrastructure and Technology Support: EMPORIA"" assistance would be provided for the setting up of emporia. These would be set up in commercially viable locations in the implementing agencies' own/rented buildings."
nhdp-iandts-uh,National Handicrafts Development Programme: Infrastructure And Technology Support: URBAN HAAT,NHDP-I&TS-UH,Central,Infra,Business & Entrepreneurship; Skills & Employment,Ministry Of Textiles,,Entrepreneurship; Artisan; Handloom; Handicraft; Weaver; Infrastructure; Technology Support; Urban Haat,"The scheme ""Infrastructure & Technology Support: URBAN HAAT"" is introduced is to set up a permanent marketing infrastructure in towns/ metropolitan cities to provide direct marketing facilities to handicrafts artisans/handloom weavers, enabling them to sell their products to wider target audience."
nhdp-randds,National Handicrafts Development Programme: Research & Development Scheme,NHDP-R&DS,Central,Infra,Sports & Culture; Skills & Employment,Ministry Of Textiles,,Handicraft; Textile; Research; Grant-in-Aid,"The ""NHDP: Research & Development Scheme"" is introduced to generate feedback on economic, social, aesthetic, and promotional aspects of various crafts and artisans in the handicraft sector. The surveys and studies are sponsored/conducted to generate suitable inputs for planning purposes."
nhdpccwms,National Handloom Development Programme: Concessional Credit/Weaver MUDRA Scheme,NHDP:CCWMS,Central,Infra,"Banking,Financial Services and Insurance",Ministry Of Textiles,,Handloom; Concessional Credit; Weaver; MUDRA; Bank; Margin Money Assistance; Interest Subvention; Credit Guarantee,The scheme aims to provide adequate and timely assistance from the banks to the handloom sector to meet their credit requirements for term loan & working capital in a flexible and cost effective manner across the country.
nhdpsc,National Handloom Development Programme (NHDP): Scholarship Component,NHDP:SC,Central,Individual,Education & Learning,Ministry Of Textiles,,Scholarship; Textile; Handloom; Weaver,"The scheme targets the children of these weavers, offering financial assistance of up to ₹2,00,000/- annually. This support covers tuition, admission, and examination fees at recognised textile institutions. Additionally, beneficiaries receive a monthly stipend of ₹5,000/-."
nhis,Niramaya Health Insurance Scheme,NHIS,Central,Individual,Social welfare & Empowerment; Health & Wellness,Ministry Of Social Justice and Empowerment,,Person With Disability; Insurance; Financial Assistance; Autism; Cerebral Palsy; Mental Retardation,"Niramaya Health Insurance Scheme ,launched by the Department of Empowerment of Persons with Disabilities, aims to provide affordable health insurance to the Persons with Disabilities (PwDs)."
nielitip,NIELIT Internship Programme,NIELITIP,Central,Individual,Education & Learning,Ministry of Electronics and Information Technology,,Internship; Electronics; Education; Student,The Internship Programme by NIELIT is an opportunity for a student to secure first-hand and practical work experience under the guidance of qualified and experienced Supervisors/Mentors. It also aims at active participation in the learning process through experimentation.
nift,AICTE-National Initiative for Training of Technical Teachers (for Inductee Teachers) Scheme,NIFT,Central,Individual,Education & Learning,Ministry of Education,,Training; Technical Education; Pedagogy Modules; Inductee Teacher,Ministry of Human Resource Development (MHRD) and All India Council for Technical Education (AICTE) jointly proposed an initiative called “National Initiative for Technical Teachers Training (NITTT)” to address the technical teachers of the country who plays an active role in the technical education
nikshay,Nikshay Poshan Yojana,NIKSHAY,Central,Individual,Health & Wellness,Ministry Of Health & Family Welfare,,Tuberculosis; Health; Financial Assistance,"Ministry of Health and Family Welfare, Government of India has announced the scheme for incentives for nutritional support to TB patients. This scheme will be called “Nikshay Poshan Yojana”."
niti-i,NITI Internship Scheme,NITI-I,Central,Individual,Education & Learning,NITI Aayog (National Institution for Transforming India),,Internship; Student,"This Scheme seeks to engage students pursuing Under Graduate/Graduate/Post Graduate Degrees or are Research Scholars enrolled in recognized University/Institution within India or abroad, as ""interns"". They shall be given exposure to various Verticals/ Divisions/Units within NITI Aayog."
nma,National Metallurgist Award,NMA,Central,Individual,Business & Entrepreneurship,Ministry Of Steel,,Metallurgist; Award; Industry; Metal Science; Steel Sector,"Under this scheme, outstanding metallurgical contributions are recognized, and excellence in operations, R&D, waste management, and energy conservation is promoted."
nmeo-op,National Mission on Edible Oils- Oil Palm,NMEO OP,Central,Infra,"Agriculture,Rural & Environment",Ministry Of Agriculture and Farmers Welfare,,Oil Palm; Area Expansion; Oil Palm Mill; Seed Garden; Seed Nursery; Processor,"The Mission was launched with the aim to enhance the edible oilseeds production and oils availability in the country by harnessing Oil Palm area expansion, increasing CPO production and to reduce import burden on edible oils."
nmmss,National Means-cum-Merit Scholarship Scheme,NMMSS,Central,Individual,Education & Learning,Ministry of Education,,Scholarship; Meritorious Student; Means-cum-Merit; Economically Weaker Section; NMMSS,The objective of the scheme is to award scholarships to meritorious students of economically weaker sections to arrest their drop out at class VIII and encourage them to continue their education at secondary stage.
nmnf,National Mission on Natural Farming,NMNF,Central,Individual,"Agriculture,Rural & Environment",Ministry Of Agriculture and Farmers Welfare,,Natural Farming; Agro Ecology; Chemical-free Farming,"The scheme aims to promote natural farming practices through capacity building, training, certification, and financial assistance for on-farm input production infrastructure, thereby reducing cultivation costs and increasing farmers' income."
nms,Nyaya Mitra Scheme,NMS,Central,Individual,"Public Safety,Law & Justice; Social welfare & Empowerment",Ministry Of Law and Justice,,Litigant; Justice; Court; Resolution; Judiciary,"The scheme aims to facilitate the expeditious disposal of ten to fifteen years old pending court cases. It provides legal advice, case assistance, and Lok Adalat referrals to marginalized litigants by engaging retired officers."
nos-sc,National Overseas Scholarship For Scheduled Caste Etc. Candidates,NOS-SC,Central,Individual,Education & Learning; Social welfare & Empowerment,Ministry Of Social Justice and Empowerment,,Student; Scholarship; Scheduled Caste; International Education; PhD; Degree; Post-Graduation; Tuition Fees,"A scholarship scheme by MoSJE for regular, full-time students from Scheduled Castes, Denotified Nomadic and Semi Nomadic Tribes, Landless Agricultural Labourers and Traditional Artisans; to obtain higher education viz., Master degree or Ph.D courses by studying abroad"
nos-swd,National Overseas Scholarship For Students With Disabilities,NOS-SWD,Central,Individual,Education & Learning; Social welfare & Empowerment,Ministry Of Social Justice and Empowerment,,Scholarship; Student; Person With Disability; Higher Education; Degree; Empowerment; PhD; Post-Graduation,"A scholarship scheme by the Ministry of Social Justice & Empowerment for regular, full-time students with disabilities to obtain higher education viz., Master's degree, or Ph.D. courses from foreign universities, in one of the specified fields of study."
npaayasias,NIDHI – Promoting and Accelerating Young and Aspiring Innovators and Startups (PRAYAS),NPAAYASIAS,Central,Individual,"Business & Entrepreneurship; Banking,Financial Services and Insurance; Science, IT & Communications",Ministry Of Science And Technology,,Startups; Young Innovators; Business; New Technology,The scheme provides early-stage funding to support idea validation and proof of concept for technology-based and deep-tech innovations through PRAYAS Centres (PCs) and Advance PRAYAS Centres (APCs).
npcsip,NPC Students Internship Program,NPCSIP,Central,Individual,Education & Learning,Ministry Of Commerce And Industry,,Internship; Student; Industry; Postgraduation; DPIIT,National Productivity Council (NPC) provides internship training to students pursuing graduation and post-graduation. The interns shall be given exposure to related interventions being activities undertaken by NPC which will provide opportunities to learn and implement new concepts.
nps-tsep,National Pension Scheme for Traders And Self Employed Persons,NPS-TSEP,Central,Individual,"Banking,Financial Services and Insurance",Ministry Of Labour and Employment,,Retailer; Shopkeeper; Traders; Self-employed Persons; Rice Mill Owners; Oil Mill Owners; Broker Of Real Estate; Owners Of Small Hotels And Restaurants,"The scheme aims to provide old age protection & social security to workers in the unorganized sector. It offers an assured monthly pension of ₹3,000 after attaining age of 60. Equal matching government contributions is being given to benefit small shopkeepers, retail traders, & self-employed persons"
npsvs,NPS Vatsalya Scheme,NPSVS,Central,Individual,"Banking,Financial Services and Insurance",Ministry Of Finance,,NPS; Minor; Pension Fund; PFRDA; Long Term Financial Security; Financial; Saving,"NPS Vatsalya is a contributory saving cum long-term financial security scheme designed exclusively for minors for the purposes of enhancing financial literacy and financial planning and to encourage empowerment of children, emanating from the vision of ""Viksit Bharat@2047."
nqm,National Quantum Mission (NQM),NQM,Central,Individual,"Science, IT & Communications",Ministry Of Science And Technology,,Technologies; Startups; Research; Development Labs,The National Quantum Mission (NQM) supports research and development of advanced quantum technologies (like quantum computing and secure communication) so India can build cutting-edge capabilities and stay competitive in future tech.
nrefhrdnre,National Renewable Energy Fellowship Scheme,NREFS,Central,Individual,Education & Learning,Ministry Of New and Renewable Energy,,Renewable Energy; Fellowship; MNRE; Research,"Through this scheme, fellowships will be provided for pursuing higher studies/ advanced research in renewable energy. The fellowship scheme is directly aligned with the overall requirement of renewable energy, research thrust areas identified by MNRE."
nreis,National Renewable Energy Internship Scheme,NREIS,Central,Individual,Education & Learning,Ministry Of New and Renewable Energy,,Renewable Energy; Internship; Student; Graduation,"The ""National Renewable Energy Internship Scheme"" by MNRE provides internship opportunities to facilitate students pursuing undergraduate/graduate/post-graduate degrees (Engineering, Science, Management, Law, etc) or research scholars enrolled in recognized institutes/universities."
ns-icarif,Netaji Subhas - ICAR International Fellowship,NS-ICARIF,Central,Individual,Education & Learning,Ministry Of Agriculture and Farmers Welfare,,Fellowship; Agriculture; Agricultural Research; Overseas Study; Doctoral Degree; Research Fellowship,"The scheme aims to develop competent human resources in agriculture and allied sciences through international doctoral education and research opportunities, while providing fellowship support, travel assistance, and exposure to world-class institutions."
nsa,National Startup Awards,NSA,Central,Infra,Business & Entrepreneurship,Ministry Of Commerce And Industry,,Self Employment; Business; Startup; Empower; DPIIT,The National Startup Awards by Startup India aims to recognize and reward outstanding startups and ecosystem enablers building innovative products or solutions and scalable enterprises.
nsap-ignoaps,NSAP - Indira Gandhi National Old Age Pension Scheme,NSAP-IGNOAPS,Central,Individual,"Social welfare & Empowerment; Banking,Financial Services and Insurance",Ministry Of Rural Development,,BPL; Pension; Senior Citizen; Social Welfare,"""Indira Gandhi National Old Age Pension Scheme"" is one of the five sub-schemes of the National Social Assistance Programme. Under IGNOAPS, citizens living Below Poverty Line and 60 years or above in age are eligible to apply. A monthly pension of ₹ 200 up to 79 years and ₹ 500 thereafter."
nsat,National Scheme of Apprenticeship Training,NSAT,Central,Individual,Education & Learning; Skills & Employment,Ministry of Education,,Skill; Training; Apprentice; Student,"The primary goal of this scheme is to bridge the gap in practical experience for fresh Graduate Engineers, Diploma holders, and 10+2 Vocational pass-outs in approximately 10,000 industrial establishments. The apprentices undergo a one-year training period, receiving a monthly stipend."
nsc-se,National Science Chair- Scientific Excellence,NSC-SE,Central,Individual,"Science, IT & Communications",Ministry Of Science And Technology,,Science; Chair; Scientific Excellence; SERB; Scientist; Research; Fellowship; Superannuated,"The main aim of the scheme is to recognize active eminent senior resident Indian superannuated scientists for their outstanding contributions both nationally and internationally, in the areas of Science, Technology, Engineering, Mathematics (STEM) & Medicine, to promote excellence and growth in R&D."
nsc-sl,National Science Chair- Science Leadership,NSC-SL,Central,Individual,"Science, IT & Communications",Ministry Of Science And Technology,,Science; Chair; Leadership; SERB; Research; Superannuated; Scientist,"The main aim of the scheme is to recognise active eminent senior resident Indian superannuated scientists for their outstanding contributions both nationally and internationally, in the areas of Science, Technology, Engineering, Mathematics (STEM) & Medicine, to promote excellence and growth in R&D."
nscs,National Savings Certificates (VIII-Issue) Scheme,NSCS,Central,Individual,"Banking,Financial Services and Insurance",Ministry Of Finance,,Savings; Investment; Certificate,"The scheme “National Savings Certificates (VIII-Issue) Scheme” was launched by the Department of Economic Affairs, Ministry of Finance, Government of India to promote a culture of long-term savings among individuals."
nsfpgs,National Scholarship For Post Graduate Studies,NSFPGS,Central,Individual,Education & Learning,Ministry of Education,,Scholarship; Education; Student Finance,A scheme started by Ministry of Education for the student Higher education.
nsigse,National Scheme Of Incentive To Girls For Secondary Education,NSIGSE,Central,Individual,Education & Learning; Women and Child,Ministry of Education,,Incentive; Education; Girl Child; Pre-Matric,"The National Scheme of Incentive to Girls for Secondary Education promotes the girl child's enrolment of 14-18 years age group at secondary stage, who passes class 8th and subsequently drops out for various socio-economic reasons."
nsrdard,National Savings Recurring Deposit Account(RD),NSRDARD,Central,Individual,"Banking,Financial Services and Insurance",Ministry Of Communication,,Banking; National Savings; Loan; Deposit Account,The objective of the National Savings Recurring Deposit (RD) scheme is to encourage people to save small amounts regularly every month and build savings with safe returns at 6.7% per annum.
nssc,National Service Scheme,NSSC,Central,Individual,Sports & Culture,Ministry Of Youth Affairs & Sports,,National; Sports; Student; Youth; Education,"The objective of the National Service Scheme (NSS) is to develop the personality and character of students through voluntary community service. The scheme aims to promote social responsibility, leadership, national integration, and a spirit of selfless service among youth."
nssfp,National Solar Science Fellowship Programme,NSSFP,Central,Individual,Education & Learning,Ministry Of New and Renewable Energy,,Scientist; Engineer; Solar Science; Fellowship; Research,The “National Solar Science Fellowship Programme” of the Ministry of New & Renewable Energy was launched in February 2011. The aim of the National Solar Science Fellowship Programme is to provide a platform to top-quality scientists and engineers in the area of solar energy research.
nssp,NIDHI – Seed Support Program (SSP),NSSP,Central,Individual,"Banking,Financial Services and Insurance; Business & Entrepreneurship; Science, IT & Communications",Ministry Of Science And Technology,,Startups; Technology; Business; DPIIT,"The key objective of the NIDHI- Seed Support Program (NIDHI-SSP) is to ensure availability of the seed support through incubators for providing timely support to potential startups, thereby enabling them to take their ventures to the next level and facilitate their success in the marketplace."
nssw,New Swarnima Scheme For Women,NSSW,Central,Individual,"Banking,Financial Services and Insurance; Business & Entrepreneurship; Social welfare & Empowerment; Women and Child",Ministry Of Social Justice and Empowerment,,Entrepreneur; Women; Business; Empowerment; Backward Class; Financial Assistance,"A term loan scheme by the Ministry of Social Justice and Empowerment for women entrepreneurs from backward classes to obtain a loan of up to ₹ 2,00,000/- @ 5% per annum, thereby providing them social & financial security."
nstdtd,National Savings Time Deposit (TD),NSTDTD,Central,Individual,"Banking,Financial Services and Insurance",Ministry Of Communication,,Savings Account; Banking; Money; Time Deposit,"The objective of the National Savings Time Deposit (TD) scheme is to promote safe and fixed-term savings by offering assured returns, encouraging individuals to invest regularly with flexible deposit amounts and no upper limit."
nswf,National Scheme Of Welfare Of Fishermen,NSWF,Central,Individual,"Agriculture,Rural & Environment","Ministry of Fisheries,Animal Husbandry and Dairying",,Fisheries; Financial Assistance; Social Welfare,"The National Scheme of Welfare of Fishermen provides financial assistance to fishermen. They can use these for constructing houses and community halls for both recreation and work purposes. Further, through the amount availed under this scheme, fishermen can install tube wells."
nts-pg,National Talent Scholarship Postgraduate,NTS-PG,Central,Individual,Education & Learning,Ministry Of Agriculture and Farmers Welfare,,Scholarship; Agricultural; Postgraduate; Student,Merit-based support through the National Talent Scholarship to the post-graduate students seeking admission in agricultural universities in a state other than the state of their domicile through ICAR All India Entrance Examination (AIEE).
nts-ug,National Talent Scholarship Undergraduate,NTS-UG,Central,Individual,Education & Learning,Ministry Of Agriculture and Farmers Welfare,,Student; Scholarship; Agriculture; Education,"The scholarship aims to support meritorious students by providing financial assistance of ₹3,000 per month during their undergraduate studies."
nvy,Nagar Van Yojana,NVY,Central,Infra,"Agriculture,Rural & Environment","Ministry Of Environment,forests and climate change",,Municipality; Institution; Forest; Grant; Environment; Plantation; Biodiversity,"The scheme aims to develop 400 Nagar Vans and 200 Nagar Vatikas to create bio-diverse green spaces in urban areas. The scheme provides a grant of ₹4,00,000/- per hectare to Municipalities, Urban Local Bodies, and Institutions for afforestation and biodiversity conservation."
nwa,National Water Awards,NWA,Central,Infra,"Agriculture,Rural & Environment",Ministry Of Jal Shakti,,Water; Awards; Development; Water Resources,The objective of the National Water Awards is to encourage the stakeholders to adopt a holistic approach toward water resource management in the country as surface water and groundwater play a signiﬁcant role in the water cycle.
nya,National Youth Award,NYA,Central,Individual,"Health & Wellness; Public Safety,Law & Justice; Social welfare & Empowerment; Travel & Tourism",Ministry Of Youth Affairs & Sports,,Youth; Purashkar; National; Social Service; Good Citizens,This award is to motivate young persons to achieve excellence in the field of national development or social service and to develop in them a sense of responsibility to the community and thus to improve their potential as good citizens.
nyc,National Youth Corps,NYC,Central,Individual,Skills & Employment; Social welfare & Empowerment,Ministry Of Youth Affairs & Sports,,Youth; Sports; Volunteer; IT; Media; Development,"A volunteership scheme by Ministry of Youth Affairs And Sports to tap the potential of the disciplined and dedicated youth In the age group of 18 to 29 years who have the inclination and spirit to engage in nation building exercises, to serve up to two years in Nation Building activities."
odopa,One District One Product (ODOP) Awards,ODOPA,Central,Individual,Business & Entrepreneurship,Ministry Of Commerce And Industry,,Awards; Industry; E Commerce; Indian Missions Abroad,"The scheme aims to recognize and celebrate the outstanding efforts of States, UTs, Districts, and Indian Missions Abroad in promoting local products. It also seeks to boost economic development and support the Hon’ble Prime Minister’s vision of Atmanirbhar Bharat."
onorc,One Nation One Ration Card,ONORC,Central,Family,Social welfare & Empowerment,"Ministry Of Consumer Affairs, Food And Public Distribution",,Ration Card Holders; Migrant Workers; Food Security,"""One Nation, One Ration Card"" is Aadhaar-based national ration card portability scheme to ensure food security for all, including internal migrants within India, under which beneficiaries can purchase subsidized food anywhere in India."
otsdfpc,Central Assistance For One Time Settlement Of Displaced Families From PoK And Chhamb Under Prime Minister's Development Package,OTSDFPC,Central,Family,"Agriculture,Rural & Environment; Banking,Financial Services and Insurance; Business & Entrepreneurship; Housing & Shelter; Skills & Employment; Social welfare & Empowerment",Ministry Of Home Affairs,,Rehabilitation; Displaced; Business; Farming; Jammu; Kashmir; Family,"The scheme aims to provide supplementary financial assistance to displaced families for assured and sustained earnings. Through this scheme, one-time financial assistance of ₹5,50,000/- per family is provided to eligible displaced families of PoK and Chhamb settled in Jammu & Kashmir."
ovdf,Overseas Visiting Doctoral Fellowship,OVDF,Central,Individual,"Science, IT & Communications",Ministry Of Science And Technology,,Overseas; Doctoral; Fellowship; Fellow; Young Scientist,"The objective of the scheme is to build national capacity in frontier areas of Science and Engineering, which are of interest to India by providing research training to PhD students admitted in the Indian institutions in overseas universities / institutions of repute."
pa,Padma Awards,PA,Central,Individual,Skills & Employment; Sports & Culture,Ministry Of Home Affairs,,Award; Public Service; Art; Social Work; Civil Service,The scheme aims to recognize distinguished and exceptional achievements across various fields of public service and national importance.
pahal-dbtl,Pratyaksh Hanstantrit Labh / Direct Benefits Transfer For LPG,PAHAL / DBTL,Central,Individual,Utility & Sanitation,Ministry Of Petroleum and Natural Gas,,Cylinder; LPG; Subsidy,"PAHAL (DBTL) has been introduced to curb the diversion of subsidized LPG. Under the scheme, Consumers will pay the market price for the domestic cylinder and the subsidy will be transferred directly to their bank account"
pbby,Pravasi Bharatiya Bima Yojana,PBBY,Central,Individual,"Banking,Financial Services and Insurance",Ministry Of External Affairs,,Insurance; Non Resident Indian; Employment; Medical Insurance; Person With Disability; Financial Assistance,A mandatory insurance scheme by Ministry of External Affairs (MEA) for safeguarding the interests of Indian emigrant workers falling under Emigration Check Required (ECR) category going for overseas employment to ECR countries.
pdf,Post Doctoral Fellowship (PRL Funded),PDFPF,Central,Individual,Education & Learning,Ministry Of Science And Technology,,Opportunity; PhD; Researchers; Fellowship,"The fellowship offers candidates the opportunity to pursue research in PRL’s cutting-edge science & engineering research areas. The tenure of the fellowship is for a maximum of two years, subject to annual progress reviews. The fellowship provides a competitive stipend, research opportunities."
pdfscstc,Post Doctoral Fellowship to Scheduled Caste/Scheduled Tribe Candidates,PDFSC/STC,Central,Individual,Education & Learning,Ministry of Education,,Post Doctoral; Fellowship; Scheduled Caste; Scheduled Tribe; Student; UGC,"This scheme has been initiated keeping in view social background of candidates from the deprived section of society and to provide them an opportunity to undertake advanced studies and research in Science, Engineering & Technology, Humanities and Social Sciences in Indian Universities/Institutions."
pdfwc,Post Doctoral Fellowship To Women Candidates,PDFWC,Central,Individual,Education & Learning,Ministry of Education,,Post Doctoral; Fellowship; Woman; UGC,"The UGC has initiated a scheme of “Post Doctoral Fellowship for Women” to those candidates, who are unemployed holding Ph.D. degree in their respective subject areas with an aim to accelerate the talented instincts of the women candidates to carry out the advanced studies and research."
pds,AICTE-PROFESSIONAL DEVELOPMENT SCHEME,PDS,Central,Infra,Education & Learning,Ministry of Education,,Conferences; Reimbursement; Travel Grant; Faculties; Seminars; Symposia; AICTE,"AICTE-Professional Development Scheme enables meritorious faculty to interact at International Level Conferences, both within and outside India, Seminars, and Symposia."
pdutea,Pandit Deendayal Upadhyaya Telecom Excellence Award,PDUTEA,Central,Infra,"Social welfare & Empowerment; Science, IT & Communications; Skills & Employment",Ministry Of Communication,,Organization; Institution; Financial Incentive; Innovation; Skilling,"The scheme aims to provide national recognition, financial incentives, and professional encouragement to Indian citizens and institutions contributing significantly to telecom development and its application in sectors such as agriculture, health, education, and commerce."
pecfar,Paired Early Career Fellowship in Applied Research,PECFAR,Central,Individual,"Education & Learning; Science, IT & Communications",Ministry Of Science And Technology,,Fellowship; Applied Research; IGSTC; Indo-German; Fellow; Germany,PECFAR is a fellowship to facilitate a two-way exchange of young early-career Indian and German researchers through short visits for networking and exploring avenues for collaboration and innovation in applied research.
pfifllesrs,Programme For Internship For LL.B./ LL.M./ Environmental Studies/ Research Students,PFIFLLESRS,Central,Individual,Education & Learning,Ministry Of Law and Justice,,Student; Internship; Legal; Environment; Research,"The National Green Tribunal provides opportunities to college students by holding Summer Internship Programs (March, April, May and July ordinarily) and Winter Internship Programs (November, December and January ordinarily) Internship Programs for LL.B./ LL.M./ Env. Studies/ Research Students."
pg-igssgc,Post Graduate Indira Gandhi Scholarship For Single Girl Child,PG-IGSSGC,Central,Individual,Education & Learning; Women and Child,Ministry of Education,,Scholarship; Girl Child,"A scholarship scheme by the University Grants Commission for Girl students who are admitted in the first year of PG courses in any designated university or a postgraduate college, and happen to be the only girl child in the family. The amount of fellowship is ₹ 36,200/- per annum."
pgmssurhula,Post Graduate Scholarship for University Rank Holders Scheme,PGSURHS,Central,Individual,Education & Learning,Ministry of Education,,Scholarship; Higher Education; Postgraduate Studies; Student,"The scheme aims to attract talented students towards higher education and promote academic excellence at the postgraduate level. The scholarship is tenable for the full duration of the postgraduate course, subject to a maximum period of two years."
pgsgategpatqspmtmempugc,Post Graduate Scholarship for GATE/GPAT Qualified Students for Pursuing M.Tech/M.E./M.Pharm-UGC,PGSGATE/GPATQSPMT/ME/MPUGC,Central,Individual,Education & Learning,Ministry of Education,,Post Graduate; Scholarship; GATE; GPAT; UGC; Student,University Grants Commission is implementing the scheme of Post Graduate Scholarship for GATE/GPAT Qualified Students for Pursuing M.Tech/M.E./M.Pharm courses (including integrated dual degree courses).
pgspcscstc,Post-Graduate Scholarships for Professional Courses for SC/ST Candidates,PGSPCSCSTC,Central,Individual,Education & Learning,Ministry of Education,,Post Graduate; Scholarship; Professional Course; ST; SC; Student; UGC,"The scheme has been initiated to provide opportunity to deprived sections of the society, viz. SC/ST for undertaking postgraduate level studies in Professional subjects like Engineering & Technology, Management, Pharmacy etc. in recognised Indian Universities/Institutions/Colleges."
pgssgategpatqsaicte,Post Graduate Scholarship Scheme for GATE/GPAT Qualified Students-AICTE,PGSSGATEGPATQSAICTE,Central,Individual,Education & Learning,Ministry of Education,,Post Graduate; Scholarship; GATE; GPAT; AICTE; CEED,"AICTE in order to ensure the development of technical education in India awards Post Graduate Scholarship of ₹12,400/- per month to full-time GATE/CEED qualified students admitted to AICTE approved post-graduate programs in AICTE approved Institutions/University Dept. as per AICTE approved intake."
pkvy,Paramparagat Krishi Vikas Yojana,PKVY,Central,Infra,"Agriculture,Rural & Environment",Ministry Of Agriculture and Farmers Welfare,,Organic Farming; Soil Health; Pesticide-free Agriculture; Cluster Based Farming; Bio Fertilizers,"The Paramparagat Krishi Vikas Yojana (PKVY), launched in 2015, is an extended component of Soil Health Management (SHM) under the Centrally Sponsored Scheme (CSS), National Mission on Sustainable Agriculture (NMSA)."
pli-pharma,Production Linked Incentive (PLI) Scheme for Pharmaceuticals,PLI-PHARMA,Central,Individual,Business & Entrepreneurship,Ministry Of Chemicals And Fertilizers,,Manufacturer; Entrepreneur; Company; Incentive; Investment; Production; Pharmaceutical,The scheme provides financial incentives on the incremental sales (over Base Year) of pharmaceutical goods and in-vitro diagnostic medical devices to selected applicants based on pre-defined selection criteria. The applicant must be a manufacturer of pharmaceutical goods.
pliaccb,Production Linked Incentive (PLI) Scheme For National Programme on Advanced Chemistry Cell (ACC) Battery Storage,PLIACCB,Central,Infra,Business & Entrepreneurship,Ministry of Heavy Industries,,Financial Incentive; Domestic Battery; Manufacturing; Advanced Chemistry Cells; Production,"The scheme aims to promote giga-scale ACC manufacturing in India. Through this scheme, financial incentives are provided to selected firms to boost domestic battery manufacturing and reduce imports."
pliit,Production Linked Incentive Scheme (PLI) for IT Hardware,PLIIT,Central,Infra,"Science, IT & Communications; Skills & Employment; Business & Entrepreneurship",Ministry of Electronics and Information Technology,,Manufacturing; Laptops; Tablets; All In One PCs; Investment; Boost Domestic Manufacturing,"The scheme aims to boost domestic manufacturing and attract investment in IT hardware. Through this scheme, financial incentives are provided to eligible manufacturers based on incremental sales."
pliit20,Production Linked Incentive Scheme (PLI) for IT Hardware Scheme 2.O,PLIIT2.0,Central,Infra,"Business & Entrepreneurship; Science, IT & Communications; Skills & Employment",Ministry of Electronics and Information Technology,,Investment; Financial Incentive; Domestic Manufacturing; Laptops; Tablets; All In One PCs; Ultra Small Form Factor,"The scheme aims to promote domestic manufacturing of Laptops, Tablets, All-in-One PCs, Servers, and Ultra Small Form Factor (USFF) devices in India through production-linked financial incentives."
pliksmsapi,Production Linked Incentive (PLI) Scheme for Promotion of Domestic Manufacturing of Critical Key Starting Materials (KSMs)/ Drug Intermediates (DIs) and Active Pharmaceutical Ingredients (APIs) in India,PLIKSMSAPI,Central,Infra,Business & Entrepreneurship,Ministry Of Chemicals And Fertilizers,,Production Linked Incentive; PLI; Bulk Drugs; Pharmaceutical Manufacturing; Domestic Production; Greenfield Projects,"The objective of the Scheme is to attain self-reliance and reduce import dependence in critical KSMs/DIs/APIs. Under the Scheme, financial incentives shall be given based on threshold investment and domestic sales made by selected applicant for the eligible products."
plinphespvm,Production Linked Incentive Scheme Tranche-I under National Programme on High Efficiency Solar PV Modules,PLINPHESPVM,Central,Infra,Business & Entrepreneurship; Skills & Employment,Ministry Of New and Renewable Energy,,Domestic Manufacturing Capacity; Technology Adoption; Integrated Plants; Local Material; Employment Generation; Solar Photovoltaic Modules,"The scheme aims to promote the manufacturing of high-efficiency solar photovoltaic modules and reduce import dependence. Through this scheme, Production Linked Incentive is provided to eligible manufacturers."
plisaaci,Production Linked Incentive Scheme For Automobile And Auto Component Industry,PLISAACI,Central,Infra,Business & Entrepreneurship,Ministry of Heavy Industries,,Automobile; Auto Component; Incentive; Automotive; Industry,The government of India has launched the scheme “Production Linked Incentive (PLI) Scheme for Automobile and Auto Components Industry” in India to enhance India’s Manufacturing Capabilities for Advanced Automotive Products.
plisfaaci,Production Linked Incentive (PLI) Scheme for Automobile and Auto Components Industry,PLISFAACI,Central,Infra,Business & Entrepreneurship,Ministry of Heavy Industries,,Production Linked Incentive; PLI; Automobile Industry; Auto Components; Advanced Automotive Technology; Investment Promotion; Electric Vehicles; Hydrogen Fuel Cell Vehicles,The scheme offers financial incentives to boost domestic manufacturing of Advanced Automotive Technology products and attract investments in the automotive manufacturing value chain.
plisfpi,Production Linked Incentive (PLI) Scheme for Food Processing Industry,PLISFPI,Central,Infra,Business & Entrepreneurship; Skills & Employment,Ministry of Food Processing Industries,,Food Manufacturing; Branding; Employment; Food Processing Entities; Small And Medium Enterprises; PLI,"The scheme aims to promote food manufacturing, branding, and employment. Through this scheme, financial incentives and branding support are provided to food processing entities."
plisjdp,Production Linked Incentive Support on JDPs,PLISJDP,Central,Individual,Business & Entrepreneurship,Ministry Of Textiles,,Jute; Manufacturer; Exporter; Enterprise; Incentive; Reimbursement; Subsidy; Export,"The scheme aims to make Indian Jute Diversified Products globally cost-competitive and increase their export market share. It provides a financial reimbursement of up to ₹12,00,000/- per annum on raw material costs for Jute Mill Companies and MSME units engaged in exporting JDPs."
plismbp,Production Linked Incentive Scheme for Millet Based Products,PLISMBP,Central,Infra,Business & Entrepreneurship,Ministry of Food Processing Industries,,Millets; Financial Incentive; Incremental Sale; Manufacturer; Export Market; Food Products; PLI,"The scheme aims to increase usage of millets and promote value-added millet products. Through this scheme, financial incentives on incremental sales are provided to eligible manufacturers."
plispdmmd,Production Linked Incentive Scheme for Promoting Domestic Manufacturing of Medical Devices,PLISPDMMD,Central,Infra,Business & Entrepreneurship,Ministry Of Chemicals And Fertilizers,,Production Linked Incentive; PLI; Medical Devices Manufacturing; Incremental Sales Incentive; Domestic Manufacturing; Import Reduction; Investment Promotion,The objective of the Scheme is to provide financial incentive to boost domestic manufacturing and attract large investments in the Medical Device Sector.
plitextile2,Production Linked Incentive (PLI) Scheme for Textiles Part 2,PLITEXTILE2,Central,Infra,Business & Entrepreneurship; Skills & Employment,Ministry Of Textiles,,MMF Fabrics; Technical Textiles; MMF Apparel; Textile Production; Textile Manufacturers; Employment Generation,"The scheme aims to promote MMF and technical textile production for global competitiveness and employment generation. Through this scheme, performance-based financial incentives are provided to textile manufacturers."
plitexttiles,Production Linked Incentive (PLI) Scheme for Textiles Part-1,PLITEXTTILES,Central,Infra,Skills & Employment; Business & Entrepreneurship,Ministry Of Textiles,,MMF Fabrics; Technical Textiles; MMF Apparel; Textile Production; Textile Manufacturers; Employment Generation,"The scheme aims to promote MMF and technical textile production for global competitiveness and employment generation. Through this scheme, performance-based financial incentives are provided to textile manufacturers."
pliwg,Production Linked Incentive (PLI) Scheme for White Goods (Air Conditioners and LED Lights),PLIWG,Central,Individual,Business & Entrepreneurship,Ministry Of Commerce And Industry,,PLI; White Goods; DPIIT; AC; LED; Incentive,"The scheme targets manufacturers of components / sub-assemblies of Air Conditioners & LED Lights and offers 4–6% incentive on incremental sales to boost localization, reduce imports, and build a domestic supply chain."
pm-daksh,Pradhan Mantri Dakshta Aur Kushalta Sampann Hitgrahi (PM-DAKSH),PM-DAKSH,Central,Individual,Skills & Employment,Ministry Of Social Justice and Empowerment,,Skill; Training; Employment; Stipend; Scheduled Caste; Other Backward Class; Economically Weaker Section,"The scheme ""PM-DAKSH"", launched by the Ministry of Social Justice & Empowerment (MoSJ&E), aims to empower socially, educationally, and economically marginalized groups like SCs, OBCs, EWS, DNTs, Safai Mitras, and Waste Pickers by enhancing their skills through high-quality training."
pm-gkay,Pradhan Mantri Garib Kalyan Anna Yojana,PM-GKAY,Central,Family,Social welfare & Empowerment,Ministry Of Finance,,Ration; Anna; Wheat; Rice; Food Grains,"The scheme aims to ensure food security for the poor. Through this scheme, free foodgrains are provided to eligible ration card holders under the National Food Security Act, 2013."
pm-janman,PM Janjati Adivasi Nyaya Maha Abhiyan (PM JANMAN),PM-JANMAN,Central,Individual,Housing & Shelter; Utility & Sanitation; Health & Wellness; Education & Learning,Ministry Of Tribal Affairs,,Tribal; PVTG; Infrastructure; Housing; Health; Education; Livelihood; Skilling,"The scheme aims to improve the socio-economic status of PVTGs by saturating families and habitations with basic facilities and services. It provides 11 critical infrastructure and welfare interventions, including housing, water, electricity, and connectivity."
pm-kisan,Pradhan Mantri Kisan Samman Nidhi (PM-KISAN),PM-KISAN,Central,Family,"Agriculture,Rural & Environment; Social welfare & Empowerment",Ministry Of Agriculture and Farmers Welfare,,Farmers; Income Support; Agricultural Inputs; Kisan; Agriculture,"With a view to provide income support to all landholding farmers’ families in the country, having cultivable land, the Central Government has implemented a Central Sector Scheme, namely, “Pradhan Mantri Kisan Samman Nidhi (PM-KISAN)”."
pm-mkssy,Pradhan Mantri Matsya Kisan Samridhi Sah-Yojana (PM-MKSSY),PM-MKSSY,Central,Individual,"Agriculture,Rural & Environment; Banking,Financial Services and Insurance","Ministry of Fisheries,Animal Husbandry and Dairying",,Fisheries; Aquaculture; Financial Assistance; Loan; Insurance; Stakeholder,"The scheme aims to provide financial incentives to persons associated with fisheries and aquaculture for registration, successful loan facilitation, and aquaculture insurance. It promotes capital investment, job creation, and employment retention through performance-based grants."
pm-poshan,PM POSHAN - Prime Minister's Overarching Scheme For Holistic Nourishment,PM POSHAN,Central,Individual,Health & Wellness; Social welfare & Empowerment,Ministry of Education,,School; Children; Health; Govt Scheme; Nutrition India,"PM POSHAN is a centrally sponsored scheme by the Department of School Education & Literacy, Ministry of Education. Under this scheme, one hot cooked meal will be provided to the children studying in Government and Government – aided schools. The Scheme is implemented by the Ministry of Education."
pm-svanidhi,PM Street Vendor’s AtmaNirbhar Nidhi (PM SVANidhi),PM SVANIDHI,Central,Individual,Business & Entrepreneurship; Skills & Employment; Social welfare & Empowerment,Ministry Of Housing & Urban Affairs,,Street Vendors; Working Capital Loan; Enhanced Livelihood; Digital Empowerment; Affordable Credit,"PM SVANidhi is a micro-credit scheme launched on 1st June 2020 by the MoHUA to provide handholding support to street vendors. The scheme facilitates a working capital collateral-free loan of ₹10,000, with subsequent loans of ₹20,000 and ₹50,000 with a 7% interest subsidy."
pm-sym,Pradhan Mantri Shram Yogi Maan-dhan,PM-SYM,Central,Family,Social welfare & Empowerment,Ministry Of Labour and Employment,,Artisan; Labour; Pension; Senior Citizen; Vendor; Worker,"The scheme aims to ensure old age protection for unorganized workers. It provides a minimum assured pension of ₹3,000/- per month and family pension benefits to unorganized workers in the age group of 18 to 40 years who earn not more than ₹15,000/- monthly."
pm-usp-sssjkl,Pradhan Mantri Uchchatar Shiksha Protsahan Yojana - Special Scholarship Scheme for Jammu & Kashmir and Ladakh,PM-USP SSSJKL,Central,Individual,Education & Learning,Ministry of Education,,Education; Financial Assistance; Scholarship,This initiative provides academic fees and maintenance allowances to support students from Jammu & Kashmir and Ladakh pursuing higher education outside the Union Territories
pm-uspycsiss,Pradhan Mantri Uchchatar Shiksha Protsahan Yojana: Central Sector Interest Subsidy Scheme,PM-USPY:CSISS,Central,Individual,"Banking,Financial Services and Insurance; Education & Learning",Ministry of Education,,Interest Subsidy; Student; Economically Weaker Sections; Education Loan; IBA; Professional Programmes; Technical Programmes,The scheme provides full interest subsidy during the moratorium period on loan availed under Model Education Loan Scheme of Indian Banks’ Association (IBA) to students belonging to economically weaker sections whose annual parental income is up to ₹4.5 Lakhs from all sources.
pm-vikas,Pradhan Mantri Virasat ka Samvardhan,PM VIKAS,Central,Individual,Skills & Employment; Social welfare & Empowerment; Education & Learning; Business & Entrepreneurship,Ministry Of Minority Affairs,,Skill Development; Women Entrepeneurship; Education Of School Dropouts; Socio-economic Empowerment; Minorities,"PM VIKAS is a Central sector scheme that focuses on socio-economic empowerment of six notified minorities in the country through skilling & training, women leadership & empowerment and education. The scheme integrates erstwhile skilling & education schemes of the Ministry of Minority Affairs."
pm-yasasvipmsobcebcdnts,"PM-YASASVI: Post-Matric Scholarship for OBC, EBC and DNT Students",PM-YASASVI:PMSOBCEBCDNTS,Central,Individual,Education & Learning,Ministry Of Social Justice and Empowerment,,PM-YASASVI; Post-Matric; Scholarship; OBC; EBC; DNT; Student,"The objective of the scheme is to provide financial assistance to the OBC, EBC and DNT students studying at post-matriculation or post-secondary stage to enable them to complete their education."
pm-yasasvitcceobcebcdnts,"PM-YASASVI: Top Class College Education for OBC, EBC and DNT Students",PM-YASASVI:TCCEOBCEBCDNTS,Central,Individual,Education & Learning,Ministry Of Social Justice and Empowerment,,PM-YASASVI; Top Class College; Education; OBC; EBC; DNT; Student; Higher Education; Scholarship,"The objective of the scheme is to recognize and promote quality education amongst Students belonging to OBC, EBC and DNT categories by providing full financial support. The Scheme will cover OBC/EBC/DNT students for pursuing studies beyond Class XII."
pm-yasasvitcseobcebcdnts,"PM-YASASVI: Top Class School Education for OBC, EBC and DNT Students",PM-YASASVI:TCSEOBCEBCDNTS,Central,Individual,Education & Learning,Ministry Of Social Justice and Empowerment,,PM-YASASVI; Top Class School; Education; OBC; EBC; DNT; Student; School,"The objective of the scheme is to provide premium education to the meritorious students belonging to OBC, EBC, and DNT categories by funding their education from Class 9 onwards till they complete Class 12."
pmaagy,Pradhan Mantri Adi Adarsh Gram Yojana (PMAAGY),PMAAGY,Central,Family,"Agriculture,Rural & Environment; Transport & Infrastructure",Ministry Of Tribal Affairs,,Tribal Development; Adarsh Village; Infrastructure Gap Filling; Village Development Plan; Central Assistance; Tribal Welfare,The scheme aims to develop selected villages with significant Scheduled Tribe population into model villages by providing basic infrastructure and improving socio-economic conditions.
pmafy,Prime Minister's Award for Yoga,PMAFY,Central,Individual,Health & Wellness,Ministry Of Ayush,,Yoga; Award; Health; International; National,The purpose of the Award is to recognize and felicitate individual(s)/ organization(s) who have made a significant impact on society for a sustained period by way of promotion and development of Yoga
pmagy,Pradhan Mantri Adarsh Gram Yojana,PMAGY,Central,Infra,"Agriculture,Rural & Environment",Ministry Of Social Justice and Empowerment,,Rural Development; Social Justice; SC-majority Villages; Village Profiling; Gap-filling Fund,"With a view to enabling an area-based development approach, a new scheme Pradhan Mantri Adarsh Gram Yojana (PMAGY) was launched during 2009-10. The Scheme aims at the integrated development of Scheduled Castes majority villages."
pmajay-ag,Pradhan Mantri Anusuchit Jaati Abhyuday Yojana (PM-AJAY) - Adarsh Gram,PMAJAY-AG,Central,Infra,"Social welfare & Empowerment; Transport & Infrastructure; Agriculture,Rural & Environment",Ministry Of Social Justice and Empowerment,,Village; Scheduled Caste; Infrastructure; Education; Employment; Healthcare; Sanitation; Livelihood; Empowerment,"The scheme aims to achieve integrated development of selected villages primarily through implementation of existing Central and State Government schemes in a convergent manner, ensuring access to quality services and infrastructure development in villages having SC population more than 40%."
pmay-g,Pradhan Mantri Awaas Yojana - Gramin,PMAY - G,Central,Family,Housing & Shelter,Ministry Of Rural Development,,Rural Development; Housing; Loan; Financial Assistance,"Launch on 1st April 2016, Pradhan Mantri Awaas Yojana Gramin (PMAY-G) is centre's flagship mission by the Ministry of Rural Development (MoRD), implemented by the Ministry of Housing and Urban Affairs (MoHUA). PMAY-G addresses the rural housing shortage and bridges the housing deficit in rural areas"
pmay-u,Pradhan Mantri Awas Yojana - Urban,PMAY - U,Central,Family,Housing & Shelter; Utility & Sanitation,Ministry Of Housing & Urban Affairs,,Housing; Urban; Rehabilitation; Loan; Sanitation,Pradhan Mantri Awas Yojana - Urban (PMAY-U) Scheme was launched on 25th June 2015 by the Hon’ble Prime Minister to provide all-weather pucca houses to all eligible urban households across the nation with the vision of ‘Housing for All’.
pmbjp,Pradhan Mantri Bhartiya Janaushadhi Pariyojana,PMBJP,Central,Individual,Business & Entrepreneurship; Health & Wellness; Skills & Employment; Social welfare & Empowerment,Ministry Of Chemicals And Fertilizers,,Medicine; Pharmaceutical; Healthcare; Entrepreneur; Janaushadhi; Generic Drugs,"Pradhan Mantri Bhartiya Janaushadhi Pariyojana was launched by the Department of Pharmaceuticals, in November 2008. Under the scheme, dedicated outlets known as Janaushadhi Kendras are opened to make quality generic medicines available to all at affordable prices."
pmecrg,Prime Minister Early Career Research Grant,PMECRG,Central,Individual,"Science, IT & Communications",Ministry Of Science And Technology,,Research Grant; Researcher; ANRF; Research; PhD; Science; Engineering,This programme is initiated by the Anusandhan National Research Foundation (ANRF) to assist researchers to initiate their research career in a new institution with a flexible budget and progressive initiatives for ease of doing research.
pmegp,Prime Minister's Employment Generation Programme,PMEGP,Central,Infra,"Business & Entrepreneurship; Banking,Financial Services and Insurance; Social welfare & Empowerment; Skills & Employment","Ministry Of Micro, Small and Medium Enterprises",,Financial Assistance; Loan; Entrepreneur; Projects; Micro Enterprises,"Launched in August 2008, Prime Minister's Employment Generation Programme (PMEGP) is a credit-linked subsidy scheme, administered by the Ministry of Micro, Small and Medium Enterprises (MSME). PMEGP aims to generate employment opportunities through the establishment of micro-enterprises in"
pmfby,Pradhan Mantri Fasal Bima Yojna (PMFBY),PMFBY,Central,Individual,"Agriculture,Rural & Environment; Banking,Financial Services and Insurance",Ministry Of Agriculture and Farmers Welfare,,Crop; Farmer; Insurance; Agriculture; Premium,Pradhan Mantri Fasal Bima Yojana was launched in 2016 with the aim to support farmers by providing an affordable comprehensive risk cover for crops.
pmfdr,Prime Minister’s Fellowship for Doctoral Research,PMFDR,Central,Individual,"Education & Learning; Science, IT & Communications",Ministry Of Science And Technology,,Fellowship; Doctoral; Research; SERB; PhD; Fellow,"Prime Minister’s Fellowship for Doctoral Research scheme is a prestigious initiative of Science and Engineering Research Board (SERB), Department of Science & Technology, Government of India towards the advancement of university research engagements in line with industry requirement."
pmfds,President’s Medal for Distinguished Service,PMFDS,Central,Individual,"Skills & Employment; Public Safety,Law & Justice",Ministry Of Home Affairs,,Award; Civil Defence; Meritorious; Prison,"The scheme aims to recognize exceptional service, distinguished records, and meritorious contributions in police, security, fire, prison, and civil defence services."
pmfmpe,Pradhan Mantri Formalisation Of Micro Food Processing Enterprises,PMFMPE,Central,Infra,Business & Entrepreneurship,Ministry of Food Processing Industries,,Loan; Credit Linked Subsidy; Entrepreneurship,"Launched on 29th June 2020, PMFMPE is a Centrally Sponsored Scheme by the MoFPI, designed to address the challenges faced by the micro enterprises and to tap the potential of groups and cooperatives in supporting the upgradation and formalization of these enterprises."
pmfms,Police Medal for Meritorious Service,PMFMS,Central,Individual,"Public Safety,Law & Justice; Skills & Employment",Ministry Of Home Affairs,,Meritorious Service; Professional Excellence; Award; Police,"Under this scheme, medals, official recognition, and service distinction are provided to the personnel serving in police, CAPFs, CPOs, and other public safety organizations."
pmgkp,Pradhan Mantri Garib Kalyan Package : Insurance Scheme For Health Workers Fighting COVID-19,PMGKP,Central,Individual,Health & Wellness,Ministry Of Health & Family Welfare,,Life Insurance; Health Workers; COVID-19,"The scheme aims to provide financial protection through insurance cover of ₹50,00,000/- to healthcare workers fighting COVID-19."
pmgsy,Pradhan Mantri Gram Sadak Yojana,PMGSY,Central,Infra,"Agriculture,Rural & Environment; Transport & Infrastructure",Ministry Of Rural Development,,Road; Rural,"With the objective of providing rural connectivity, the Government of India launched the Pradhan Mantri Gram Sadak Yojana (referred to as PMGSY-I hereinafter) on 25th December 2000 to provide all-weather access to eligible unconnected habitations."
pmis,Prime Minister’s Internship Scheme,PMIS,Central,Individual,Skills & Employment,Ministry of Corporate Affairs,,Internship; Youth; Employment Opportunities; Training; Monthly Assistance; Skill Development,"The scheme aims to provide internship opportunities to one crore youth in top 500 companies in five years. Through this Scheme, youth will gain exposure for 12 months to real-life business environment, across varied professions and employment opportunities."
pmjdy,Pradhan Mantri Jan Dhan Yojana,PMJDY,Central,Infra,"Banking,Financial Services and Insurance",Ministry Of Finance,,Jan Dhan; Bank; Chota Khata; Insurance,"A National Mission for Financial Inclusion (NMFI), namely, Pradhan Mantri Jan Dhan Yojana (PMJDY) was launched by the Prime Minister across the country on 28th August, 2014. It envisages to provide universal banking services for every unbanked adult in the country."
pmjjby,Pradhan Mantri Jeevan Jyoti Bima Yojana,PMJJBY,Central,Individual,"Banking,Financial Services and Insurance; Social welfare & Empowerment",Ministry Of Finance,,LIC; Consent; Jansuraksha; Claim Form,"Pradhan Mantri Jeevan Jyoti Bima Yojana (PMJJBY) is an insurance scheme offering life insurance cover for death due to any reason. It is a one-year cover, renewable from year to year. The scheme is offered by banks/post offices and administered through life insurance companies."
pmjvk,Pradhan Mantri Jan Vikas Karyakram,PMJVK,Central,Infra,Social welfare & Empowerment,Ministry Of Minority Affairs,,Ministry Of Minority Affairs; Minority Development; Infrastructure Development; Skill Development; Women-centric & Community Facilities; Hostel Construction; Minority Concentrated Areas; Area Development Programme; Social Welfare; Minority Heritage Language Preservation; Sports Complexes,"The Pradhan Mantri Jan Vikas Karyakram (PMJVK) is a Centrally Sponsored Scheme, being implemented with the objective to develop infrastructure projects such as community assets , in the identified areas with development deficits for socio-economic development of the said areas."
pmjvm,Pradhan Mantri Janjatiya Vikas Mission (PMJVM),PMJVM,Central,Family,"Agriculture,Rural & Environment; Transport & Infrastructure",Ministry Of Tribal Affairs,,Tribal Development; Minor Forest Produce; Van Dhan Vikas Kendra; Self Help Group; Tribal Livelihood; Marketing Support,"The scheme aims to promote livelihood generation and income enhancement of tribal communities through value addition, processing, and marketing of tribal products."
pmkmdy,Pradhan Mantri Kisan Maandhan Yojana,PMKMDY,Central,Individual,"Agriculture,Rural & Environment; Banking,Financial Services and Insurance; Social welfare & Empowerment",Ministry Of Agriculture and Farmers Welfare,,Small And Marginal Farmer; Social Security; Old Age Pension; Family Pension,"The scheme aims to provide old-age social security through a minimum assured monthly pension of ₹ 3,000/- to Small and Marginal Farmers after attaining the age of 60 years."
pmksypdmc,Pradhan Mantri Krishi Sinchayee Yojana: Per Drop More Crop,PMKSY:PDMC,Central,Individual,"Agriculture,Rural & Environment",Ministry Of Agriculture and Farmers Welfare,,Agriculture; Crop; Farmer; Irrigation; Water Harvesting; Water Management,"The scheme “Pradhan Mantri Krishi Sinchayee Yojana: Per Drop More Crop” was launched by the Dept. of Agriculture & Farmers Welfare, Ministry of Agriculture & Farmers Welfare, Govt. of India on 1st July 2015. The scheme mainly focuses on water use efficiency at farm level through Micro Irrigation."
pmkvy-rpl,Pradhan Mantri Kaushal Vikas Yojana 4.0 - Recognition Of Prior Learning,PMKVY - RPL,Central,Individual,Skills & Employment,Ministry Of Skill Development And Entrepreneurship,,Kaushal; Vikas; Skill; Industry Training,"The scheme aims to certify the existing skills of experienced candidates. Through this scheme, free assessment, upskilling, certification, and insurance are provided to Indian candidates."
pmkvy-sp,Pradhan Mantri Kaushal Vikas Yojana 4.0- Special Projects,PMKVY - SP,Central,Infra,Business & Entrepreneurship; Skills & Employment,Ministry Of Skill Development And Entrepreneurship,,Marginalized Groups; Vulnerable Groups; Kaushal; Vikas; Skill; Scheduled Caste; Scheduled Tribe; PVTG; Women; Transgender; Economically Backward Section; Person With Disabilities; LWE,The scheme aims to address the skilling needs of marginalised groups and difficult geographies. Project-based short-term skill training is provided to such candidates.
pmkvy-stt,Pradhan Mantri Kaushal Vikas Yojana 4.0 - Short-Term Training,PMKVY -STT,Central,Individual,Business & Entrepreneurship; Skills & Employment,Ministry Of Skill Development And Entrepreneurship,,Placement; Counselling; Training; Dropout; Unemployed; Skill; Vikas; Kaushal,"The scheme aims to provide demand-driven, employability-focused skill training. Through this scheme, free NSQF-aligned training, On-the-Job Training, certification, and allowances are provided to Indian youth."
pmmkssy-1b,Pradhan Mantri Matsya Kisan Samridhi Sah-yojana (PM-MKSSY): COMPONENT 1B: One-Time Incentive for the Adoption of Aquaculture Insurance,PMMKSSY-1B,Central,Individual,"Agriculture,Rural & Environment; Banking,Financial Services and Insurance","Ministry of Fisheries,Animal Husbandry and Dairying",,Incentive; Aquaculture; Insurance; Fisheries; Credit,The Component 1B of PM-MKSSY provides a one-time incentive to eligible applicants who have availed institutional credit for fisheries-related activities. The objective is to encourage formal credit adoption and support the repayment capacity of fisheries microenterprises.
pmmsy,Pradhan Mantri Matsya Sampada Yojana,PMMSY,Central,Infra,"Agriculture,Rural & Environment","Ministry of Fisheries,Animal Husbandry and Dairying",,Fisheries; Agriculture; Farming,"Introduced by the Department of Fisheries, Pradhan Mantri Matsya Sampada Yojana (PMMSY) is a scheme to bring about ecologically healthy, economically viable, and socially inclusive development of the fisheries sector of India."
pmmvy,Pradhan Mantri Matru Vandana Yojana,PMMVY,Central,Individual,Health & Wellness; Social welfare & Empowerment; Utility & Sanitation; Women and Child,Ministry of Women and Child Development,,Maternity Benefit; Financial Assistance; Pregnant Women; Cash Incentive; Good Nutrition,"The scheme is to provide maternity benefits to women belonging to socially and economically disadvantaged sections of society. For first child the maternity benefit of ₹5,000 is provided in two instalments under PMMVY and second child, it is ₹6,000 is to be provided subject to second child is girl."
pmmy,Pradhan Mantri Mudra Yojana,PMMY,Central,Infra,"Banking,Financial Services and Insurance",Ministry Of Finance,,Loan; Business; MUDRA,"Pradhan Mantri Mudra Yojana (PMMY) is a flagship scheme of Government of India. It facilitates micro credit/Loan upto Rs. 20 lakhs to income generating micro enterprises engaged in the non farm sector in manufacturing, processing, trading or service sector including activities allied to agriculture"
pmrbp,Pradhan Mantri Rashtriya Bal Puraskar,PMRBP,Central,Individual,Women and Child,Ministry of Women and Child Development,,Bal Puraskar; Child Development; Achievement; Child Rights,"The Pradhan Mantri Rashtriya Bal Puraskar (PMRBP) is organized to celebrate the energy, determination, ability, zeal, and enthusiasm of our children."
pmrc,Prime Minister Research Chair (PMRC) Scheme - For Fellows,PMRC-F,Central,Individual,"Science, IT & Communications",Ministry of Education,,Scientist; Researcher; Fellowship; Innovation; Professional; Abroad,"The scheme is a flagship national initiative that aims to attract & engage leading Indian-origin researchers, scientists & professionals from abroad & place them at premier government higher education institutions & national research laboratories in India to undertake cutting-edge research."
pmrdfs,Prime Minister’s Rural Development Fellows Scheme,PMRDFS,Central,Individual,"Agriculture,Rural & Environment; Skills & Employment",Ministry Of Rural Development,,Youth; Professional; Fellowship; Rural; Training,"The scheme aims to provide short term catalytic support to the District Administration in backward districts to improve programme delivery and simultaneously develop a cadre of Development Facilitators. Fellows receive professional experience, structured learning, and a monthly stipend."
pmsby,Pradhan Mantri Suraksha Bima Yojana,PMSBY,Central,Individual,"Banking,Financial Services and Insurance",Ministry Of Finance,,Bank Account Holders; Insurance; Accident Insurance; Death Insurance,An Accident Insurance Scheme offering accidental death and disability cover for death or disability on account of an accident.
pmscteoicphh,Pre-Matric Scholarships to the Children of Those Engaged in Occupations Involving Cleaning and Prone to Health Hazards,PMSCTEOICPHH,Central,Individual,Education & Learning; Social welfare & Empowerment,Ministry Of Social Justice and Empowerment,,Scholarship; Pre-Matric; School; Education; Student,"The objective of the scheme is to provide financial assistance to children whose parents/guardians belong to one of the following categories, to pursue Pre-Matric education: Tanners, Flayers, Waste Pickers and Persons who are either presently engaged in Manual Scavenging."
pmsetu2,PM SETU (Pradhan Mantri Skilling and Employability Transformation through Upgraded ITIs) – Component II: Capacity Augmentation of Five National Skill Training Institutes (NSTIs) and Setting up of Five National Centres of Excellence for Skilling,PMSETU2,Central,Infra,Skills & Employment,Ministry Of Skill Development And Entrepreneurship,,Infrastructure Upgradation; New Trades; Trainer Development; Stakeholders; Equipment; Modern Labs; Residential Facilities,"The schemes aims to develop 5 NSTIs as premier National Centres of Excellence for Skilling. Through this scheme, infrastructure upgradation, new trades, and trainer development are provided to the 5 NSTIs and their stakeholders."
pmsetuiti1,Pradhan Mantri Skilling and Employability Transformation through Upgraded ITIs (PM‑SETU) : Component I,PMSETUITI1,Central,Infra,Skills & Employment,Ministry Of Skill Development And Entrepreneurship,,Infrastructure; Machinery; Equipment; Production Centres; Incubation Centres; ITI Hub; Counselling And Remedial Classes,"The scheme aims to upgrade ITIs into industry-led institutions. Through this scheme, infrastructure, training, and employment-oriented benefits are provided to trainees."
pmsfss,Post-Matric Scholarship for SC students,PMSFSS,Central,Individual,Education & Learning,Ministry Of Social Justice and Empowerment,,Scholarship; Student Finance; Education,"The objective of the scheme is to increase the Gross Enrolment Ratio of SC students in higher education by providing financial assistance to students from economically weaker families at the post-matriculation or post-secondary level, enabling them to continue and complete their education."
pmsgmb,PM – Surya Ghar: Muft Bijli Yojana,PMSGMB,Central,Family,Social welfare & Empowerment,Ministry Of New and Renewable Energy,,Rooftop Solar; Solar Plant; Energy Saver; Renewable Energy,"""PM Surya Ghar: Muft Bijli Yojana"" is a government scheme that aims to provide free electricity to households in India."
pmsma,Pradhan Mantri Surakshit Matritva Abhiyan,PMSMA,Central,Individual,Health & Wellness; Women and Child,Ministry Of Health & Family Welfare,,Maternal; Health; Antenatal; Pregnancy; Government; Women; Medical,"The scheme aims to provide fixed-day assured, comprehensive and quality antenatal care universally to all pregnant women in 2nd and 3rd trimester on the 9th of every month. It offers free comprehensive antenatal care services at government health facilities."
pmss,Prime Minister's Scholarship Scheme,PMSS,Central,Individual,Education & Learning,Ministry Of Defence,,Ex-servicemen; Student; Education; Scholarship; Ex-Coast Guard; Widow; PMSS,The scheme was introduced from the Academic year 2006-07 to encourage higher technical and professional education for the dependent wards of Ex-servicemen/ Ex-Coast Guard personnel and their widows.
pmssrpf,Prime Minister's Scholarship Scheme for Railway Protection Force,PMSSRPF,Central,Individual,Education & Learning,Ministry Of Railways,,Scholarship; RPF; RPSF; Student; Railway,Prime Minister’s Scholarship Scheme (PMSS) for RPF was announced by Hon’ble Prime Minister of India in his address to the nation from the historical Red Ford on 15th August 2005 to encourage higher technical and professional education for the dependent wards of Ex/Serving RPF/RPSF personnel& widows.
pmsssc,Pre- Matric Scholarships Scheme for Scheduled Castes & Others,PMSSSC,Central,Individual,Education & Learning,Ministry Of Social Justice and Empowerment,,Student; Scholarship; Financial Assistance,"The Pre-Matric Scholarship Scheme for Scheduled Castes & others is a Centrally Sponsored Scheme implemented by the Ministry of Social Justice and Empowerment, Government of India."
pmsswcapfar,Prime Minister’s Scholarship Scheme for the Wards of Central Armed Police Forces & Assam Rifles,PMSSWCAPFAR,Central,Individual,Education & Learning,Ministry Of Home Affairs,,Scholarship; Student; Assam Rifles; CAPF; Ward; Widow,"The scheme aims to encourage higher technical and professional education for dependent wards and widows of CAPFs/Assam Rifles personnel martyred during Terror/Naxal attacks. Through this scheme, Financial support per year for girls and boys is provided."
pmsswsutpp,Prime Minister’s Scholarship Scheme for the Wards of States/UTs Police Personnel,PMSSWS/UTPP,Central,Family,Education & Learning,Ministry Of Home Affairs,,Wards; Police Personnel; Scholarship; Higher Technical; Professional Education,"The scheme aims to support higher education for dependent wards of States/UTs Police personnel martyred during Terror/Naxal attacks. Through this scheme, financial assistance for girls and boys per year is provided."
pmsswwcpfp,Prime Minister's Scholarship Scheme for the Wards/Widows of Central Police Force Personnel,PMSSW/WCPFP,Central,Individual,Education & Learning,Ministry Of Home Affairs,,Scholarship; Wards; Widow; Central Police Force; Ex-servicemen; CPF,"The scheme aims to encourage higher technical and professional education for the wards of widows and ex-CPF personnel. Service conditions of Central Police Forces (CPFs) Personnel are extremely exacting, tough, rigorous, and peculiar to the Services."
pmstgc,PM-Special Training of Geriatric Caregivers,PMSTGC,Central,Individual,Skills & Employment; Health & Wellness,Ministry Of Social Justice and Empowerment,,Training; Skill; Health; Certification,"The scheme aims to train and create a professional cadre of geriatric caregivers to meet the increasing demand for specialized care for senior citizens. It offers skill development and certification in geriatric care job roles to Indian citizens, ensuring professional services for the elderly."
pmsy,SVAMITVA Yojana (Survey of Villages and Mapping with Improvised Technology in Village Areas),PMSY,Central,Individual,"Agriculture,Rural & Environment",Ministry Of Panchayati Raj,,Rural; Survey; Village; Drone; Property,"SVAMITVA, a Central Sector scheme of Ministry of Panchayati Raj to provide ‘Record of Rights’ to village household owners with issuance of legal ownership cards (Property cards/Title deeds) to the property owners by mapping of land parcels using drone technology."
pmuy,Pradhan Mantri Ujjwala Yojana,PMUY,Central,Family,Utility & Sanitation; Women and Child,Ministry Of Petroleum and Natural Gas,2021-09-30,Ujjwala; Women; BPL; Gas Cylinder; LPG Cylinder,A scheme by Ministry of Petroleum and Natural Gas for Providing free LPG connections to women belonging to the Below Poverty Line (BPL) households.
pmuy2,Pradhan Mantri Ujjwala Yojana 2.0,PMUY2,Central,Individual,Social welfare & Empowerment; Women and Child,Ministry Of Petroleum and Natural Gas,,LPG; Cooking Fuel; Household; Women,"Ministry of Petroleum and Natural Gas (MOPNG), introduced the ‘""Pradhan Mantri Ujjawala Yojana 2.0"" in India. The Pradhan Mantri Ujjawala Yojana (PMUY) is a scheme launched by the Government of India in 2016 to provide free LPG (liquefied petroleum gas) connections to women from below-poverty-line."
pmv,PM Vishwakarma,PMV,Central,Individual,Business & Entrepreneurship; Skills & Employment,"Ministry Of Micro, Small and Medium Enterprises",,Artisans; Craftspeople; Skill Upgradation; Toolkit Incentive,"The scheme ""PM Vishwakarma "" by the Ministry of Micro, Small & Medium Enterprises, is a new scheme that envisages providing end-to-end holistic support to traditional artisans and craftspeople in scaling up their conventional products and services."
pmvbry,Pradhan Mantri Viksit Bharat Rozgar Yojana,PMVBRY,Central,Individual,Skills & Employment,Ministry Of Labour and Employment,,Employee; Manufacturer; Subsidy; Literacy; Employment; Incentive,"The scheme aims to stimulate employment creation, increase workforce formalization, and enhance employability. It provides financial incentives to first-time employees and offers wage subsidies to eligible employers for creating sustained jobs, especially in manufacturing."
pmvky,Pradhan Mantri Vanbandhu Kalyan Yojana,PMVKY,Central,Individual,"Education & Learning; Agriculture,Rural & Environment",Ministry Of Tribal Affairs,,Tribal; Student; Scholarship; Village; Livelihood; Research,"The scheme provides comprehensive support through six key components, including integrated village development under Pradhan Mantri Adi Adarsh Gram Yojana, development of Particularly Vulnerable Tribal Groups, support to Tribal Research Institutes, and Pre-Matric and Post-Matric Scholarships."
pmvs,Pradhan Mantri Vidyalaxmi (PM-Vidyalaxmi) Scheme,PMVS,Central,Individual,"Banking,Financial Services and Insurance; Education & Learning",Ministry of Education,,Education; Student; College; Merit; Loan,"The ""Pradhan Mantri Vidyalaxmi (Pm-vidyalaxmi) Scheme"" aims to provide financial support for higher education through education loans. Under this scheme, financial assistance of up to ₹10,00,000/- is provided to meritorious students seeking admission to domestic institutions."
pmyasasvipmsobcebcdnts,"PM-YASASVI: Pre-Matric Scholarship for OBC, EBC and DNT Students",PMYASASVI:PMSOBCEBCDNTS,Central,Individual,Education & Learning,Ministry Of Social Justice and Empowerment,,Scholarship; Student; Pre-Matric; PM-YASASVI; OBC; EBC; DNT,"The objective of the Centrally Sponsored Scheme of Pre-Matric Scholarship for OBC, EBC, and DNT students (who are not covered under SC, ST, or OBC) is welfare and motivation to the children of these categories by providing financial assistance at pre-matriculation or secondary stage."
poesoisincoltha,Promotion of Exportable surplus of identified spices in NE: Cultivation of Lakadong turmeric (Ha),POESOISINCOLTHA,Central,Individual,"Agriculture,Rural & Environment",Ministry Of Commerce And Industry,,Lakadong Turmeric; Farmer; Farming; Agriculture,"To promote the cultivation of Lakadong turmeric for exports by providing 50% of the cost of planting material, subject to a maximum of ₹ 30,000 per Ha, to turmeric growers of the North East having land holding size of 0.10 Ha to 8 Ha."
poesoisincong,Promotion of Exportable surplus of identified spices in NE: Cultivation of NE ginger (Ha),POESOISINCONG,Central,Individual,"Agriculture,Rural & Environment",Ministry Of Commerce And Industry,,Ginger; Farming; Farmer; Agriculture,"The objective of the scheme is to promote the cultivation of ginger in the North Eastern region by supporting farmers with financial assistance for quality planting material, enhancing productivity and quality, and increasing the exportable surplus of spices from the region."
pomis,National Savings (Monthly Income  Account) Scheme,NSMIAS,Central,Individual,"Banking,Financial Services and Insurance",Ministry Of Finance,,Investment; Savings; Financial Assistance; Post Office,The scheme provides a fixed monthly income to investors through periodic interest payments on a one-time deposit made at the time of account opening.
posa,Post Office Savings Account(SB),POSA,Central,Individual,"Banking,Financial Services and Insurance",Ministry Of Communication,,Post Office; Savings Account; Interest Payable; Banking,"The objective of the Post Office Savings Account (SB) scheme is to encourage people to save money safely with the government. It offers easy access, a low minimum balance of ₹500, and steady interest, helping individuals build regular saving habits."
post-dis,Post Matric Scholarship Students With Disabilities,POST-DIS,Central,Individual,Education & Learning; Social welfare & Empowerment,Ministry Of Social Justice and Empowerment,,Persons With Disability; Post-Matric; Student; Scholarship; Diploma; Degree; Graduation; Post-Graduation,"A scholarship scheme by DoEPwD for students with disabilities pursuing a post-matric qualification from UGC/AICTE recognized universities, i.e. students of Class 11th, Class 12th, including Polytechnics, Post-Matriculation Diploma/Certificates and Bachelor’s/Master’s Degree/Diploma in India."
post-doctoral-fellowship,ICSSR Post-Doctoral Fellowship,ICSSR POST-DOCTORAL FELLOWSHIP,Central,Individual,Education & Learning,Ministry of Education,,ICSSR Fellowships; Post-Doctoral Fellowship; Social Science Research; Research Promotion; Social Scientists,The Indian Council of Social Science Research (ICSSR) offers Postdoctoral Fellowships to encourage original and quality research by young and mid-career scholars in the field of social sciences. It is designed for researchers who have just finished their Ph.D. in advanced social science research.
post-st,Post Matric Scholarship Scheme For The Students Belonging To Scheduled Tribe For Studies In India,POST-ST,Central,Individual,Education & Learning,Ministry Of Tribal Affairs,,Scholarship; Scheduled Tribe Students; Post Matric; Education; Study,"This is a centrally sponsored scheme by the Ministry of Tribal Affairs, for the students of Scheduled Tribe (ST) for studies in India. This scheme is for pursuing higher education starting from class XI to Post Graduation courses in India."
ppe,National Livestock Mission: Promotion of Piggery Entrepreneur,NLMPPE,Central,Infra,"Business & Entrepreneurship; Agriculture,Rural & Environment","Ministry of Fisheries,Animal Husbandry and Dairying",,Enterpreneurship; Subsidy; Genetic Upgradation; Pork Export; Pork Production; Piggery; Entrepreneur,The scheme aims to promote entrepreneurship in pig farming by providing a one-time capital subsidy of up to ₹30 lakh to eligible entrepreneurs and organizations to establish breeder farms.
ppfa,Public Provident Fund Account(PPF),PPFA,Central,Individual,"Banking,Financial Services and Insurance",Ministry Of Communication,,Bank; Deposits; Loan; Interest Payable,"The objective of the Public Provident Fund (PPF) scheme is to promote regular savings by offering a safe, long-term investment with good interest rates, encouraging financial security and disciplined saving habits."
ppma,Padho Pardesh,PPMA,Central,Individual,Education & Learning,Ministry Of Minority Affairs,2022-12-15,Subsidy; Education Loan; Higher Education; Minority Students,Padho Pardesh is a scheme of interest subsidy on educational loans for overseas studies for the students belonging to the minority communities. The scheme was launched by the Ministry of Minority Affairs in 2006 under the Prime Minister's New 15 Point Programme for the Welfare of Minorities.
prashad,Pilgrimage Rejuvenation and Spiritual Augmentation Drive (PRASHAD),PRASHAD,Central,Infra,Transport & Infrastructure; Travel & Tourism,Ministry Of Tourism,,Pilgrimage; Rejuvenation; Heritage; Infrastructure; Tourism,"Launched in 2014–2015, the scheme ""Pilgrimage Rejuvenation and Spiritual Augmentation Drive (PRASAD)"" is a Central Sector Scheme by the Ministry of Tourism, Government of India. The scheme focuses on developing and identifying pilgrimage sites across India to enrich the religious tourism experience."
prdiss,Promotion of Research & Development in Iron & Steel Sector,PRDISS,Central,Infra,Business & Entrepreneurship,Ministry Of Steel,,Financial Assistance; Research & Development; Iron; Steel; Stakeholder,"The scheme aims to promote Research & Development (R&D) in the iron & steel sector by providing financial support to stakeholders to address R&D needs of national importance, and to catalyse innovation, sustainability and global competitiveness in the steel sector."
pre-dis,Pre Matric Scholarship For Students With Disabilities,PRE-DIS,Central,Individual,Education & Learning; Social welfare & Empowerment,Ministry Of Social Justice and Empowerment,,Persons With Disability; Student; Scholarship; Pre-Matric; Social Welfare; School; Education; Students With Disabilities; Book Grant,"The scheme aims to support students with disabilities for further studies and reduce dropout rates. Through this scheme, maintenance allowance, book grant, and disability allowance are provided to eligible students with disabilities studying in Classes IX and X."
pre-sc,Pre-Matric Scholarship for Scheduled Caste Students,PRE-SC,Central,Individual,Education & Learning; Social welfare & Empowerment,Ministry Of Social Justice and Empowerment,,Pre Matric; Scholarship; Scheduled Caste; Student; Social Welfare; Person With Disability,"The scheme aims to support the education of Scheduled Caste students at the pre-matric stage, reduce dropouts, and improve educational participation. Through this scheme, annual academic allowances are provided to eligible Scheduled Caste students studying in Classes IX and X."
pre-st,Pre Matric Scholarship For Scheduled Tribe Students,PRE-ST,Central,Individual,Education & Learning; Social welfare & Empowerment,Ministry Of Tribal Affairs,,Pre Matric; Student; Scholarship; Tuition Fee; Scheduled Tribe; Social Welfare; Books; Person With Disability; PwD,"A scholarship scheme by Ministry of Tribal Affairs for regular, full time students from Scheduled Tribe studying in Class 9th and 10th, in a Government School or in a School recognized by Govt. or a Central/State Board of Secondary Education."
pric,Petrochemicals Research & Innovation Commendation,PRIC,Central,Individual,Education & Learning; Business & Entrepreneurship,Ministry Of Chemicals And Fertilizers,,Innovation; Enterprise; Award; Memento; Institution; Industry; Startup,"The scheme aims to felicitate meritorious innovations in petrochemicals. It provides a citation, a memento, and Travel Allowance and Dearness Allowance for attending the ceremony to eligible Indian citizens, institutions, industries, and start-ups."
prism-c1-pcpm,"PRISM (Promoting Innovations in Individuals, Start-ups and MSMEs): Category-1: Proof of Concept/ Prototypes/ Models",PRISM-C1-PCPM,Central,Infra,Business & Entrepreneurship,Ministry Of Science And Technology,,MSME; Prototype; Innovation; Entrepreneurship; Research; Startup; Proposal,"The scheme aims to support individual innovators which will enable them to achieve the agenda of inclusive development - one of the thrust areas of the XIIth five-year plan (2012-2017). The proposals shall preferably be considered in the following focus sectors: Green technology, Clean energy, etc."
prism-c2-fwmpkhttptt,"PRISM (Promoting Innovations in Individuals, Start-ups and MSMEs): Category-2: Fabrication of Working Model/Process Know-how/Testing & Trial/Patenting/Technology Transfer",PRISM-C2-FWMPKHTTPTT,Central,Individual,"Science, IT & Communications; Business & Entrepreneurship",Ministry Of Science And Technology,,Innovation; Patent; Invention; Prototype; Technology,"The scheme aims to promote innovations in individuals, start-ups, and Micro, Small and Medium Enterprises (PRISM). It offers financial support (up to ₹20,00,000/-) for Indian Citizens working on innovation projects requiring fabrication of working models, patenting, or technology transfer."
prla,Physical Research Laboratory Award,PRLA,Central,Family,Education & Learning,Ministry Of Science And Technology,,Award; Scientist; Cash Prize,"The PRL Award, instituted by the late Prof. Devendra Lal, former Director of the Physical Research Laboratory (PRL), is awarded biennially to recognize outstanding Indian scientists for original work in Earth & Planetary systems, including areas like Oceanography, Atmospheric Sciences & Meteorology."
prljrf,PRL Junior Research Fellowships,PRLJRF,Central,Infra,Education & Learning,Ministry Of Science And Technology,,Fellowship; Research; Opportunity; Programme,"The Physical Research Laboratory (PRL), a prestigious institution under the Department of Space, Government of India, launched the Junior Research Fellowship (JRF) Program."
prlvishwas,PRL's Vikram Sarabhai Postdoctoral Fellowship (VISHWAS),PRLVISHWAS,Central,Individual,Education & Learning,Ministry Of Science And Technology,,Scholarship; Fellowship; Research; Post Doctoral,The Vikram Sarabhai Postdoctoral Fellowship (VISHWAS) program is an initiative by the Physical Research Laboratory (PRL) to honor the legacy of Prof. Vikram Sarabhai by supporting young doctorates to pursue groundbreaking research in fundamental science with societal impact.
prowis-i,Indo-French Postdoctoral Research Programme for Women in Science,PROWIS-I,Central,Individual,"Science, IT & Communications; Women and Child",Ministry Of Science And Technology,,Postdoctoral; Research; Woman; Science; French; Fellowship; CEFIPRA,This programme will provide a platform for women candidates to engage & work with Indian/French scientific communities with an aim to accelerate their talented instincts towards carrying out advanced studies and research in the frontier areas of Science & Technology.
prowis-ii,Indo-French Visiting/Mobility Programme for Women in Science,PROWIS-II,Central,Individual,"Science, IT & Communications; Women and Child",Ministry Of Science And Technology,,French; Mobility; Woman; Science; France; Scientist; Researcher,This programme will encourage women candidates to work with the Indian/French scientific communities with an aim to accelerate their talented instincts towards carrying out advanced studies and research in the frontier areas of Science & Technology.
psgs-deg,Pragati Scholarship Scheme For Girl Students (Technical Degree),PSGS-DEG,Central,Individual,Education & Learning; Social welfare & Empowerment; Women and Child,Ministry of Education,,Female; Scholarship; Degree; Student; Education; College Fee,A scholarship scheme by MoE for Girl Students admitted in 1st or 2nd Year of the technical degree course in an AICTE approved institution. The benefits are provided for max. 4 years for first-year admitted students and max. 3 years for second-year admitted students through lateral entry.
psgs-dip,Pragati Scholarship Scheme For Girl Students (Technical Diploma),PSGS-DIP,Central,Individual,Education & Learning; Social welfare & Empowerment; Women and Child,Ministry of Education,,Scholarship; Girl; Diploma; Education; Student; Higher Education; College Fee,A scholarship scheme by AICTE for Girl Students admitted in 1st or 2nd Year of the technical diploma course in an AICTE approved institution. The benefits are provided for a period of max. of 3 years for first-year students and a max. of 2 years for second-year admitted students (later entry).
pstsrp,Pension Scheme for the Tappers in Small Rubber Plantations,PSTSRP,Central,Individual,"Social welfare & Empowerment; Banking,Financial Services and Insurance",Ministry Of Commerce And Industry,,Pension; Tapper; Rubber; Rubber Plantation,"The scheme “Pension Scheme for the Tappers in Small Rubber Plantations” was launched by the Rubber Board, Ministry of Commerce & Industry, Government of India to motivate tappers and retain them in the tapping job."
publication-grant,"Scheme of Publication Grant/Subsidy for Publication of Doctoral Thesis/Research Report/ Papers Presented in Seminars/Conferences, etc.",PUBLICATION GRANT,Central,Individual,Education & Learning,Ministry of Education,,ICSSR Grants; Doctoral Thesis Support; Research Promotion; Academic Publishing; Social Science Research,"The Indian Council of Social Science Research (ICSSR), under the Ministry of Education, Government of India, provides financial assistance for the publication of high-quality doctoral theses, research project/fellowship reports, and seminar/conference papers in the field of social sciences."
pvss,Ph.D. Visiting Students Scheme,PVSS,Central,Individual,Education & Learning,PMO,,Research Collaboration; Ph D Students; Visiting Students Scheme; Research Internship,The scheme aims to provide collaborative research opportunities to Ph.D. students from Indian institutions through short-term research visits at IIST.
qip,Quality Improvement Programme (QIP),QIP,Central,Individual,Education & Learning,Ministry of Education,,Faculty; Scholarship; Allowance; Postgraduation; Direct Benefit Transfer,The primary objective of this scheme is to enhance the expertise and capabilities of faculty members in degree and diploma-level institutions across the country. The aim is to enable teachers to acquire Master's and Doctoral degrees and instil in them a culture of research.
qipfu,AICTE-QUALITY IMPROVEMENT (FOREIGN UNIVERSITY) PROGRAMME,QIPFU,Central,Individual,Education & Learning,Ministry of Education,,Scholarship; Financial Assistance; Doctoral Degree,The All India Council for Technical Education in its 55th Meeting of the Council held on 14th August 2018 approved the Quality Improvement Programme (Foreign University) (QIP-FU). The QIP(FU) is an extension of the QIP program launched by the Government of India in the year 1970.
r-cf,Raman-Charpak Fellowship,R-CF,Central,Individual,"Science, IT & Communications",Ministry Of Science And Technology,,Fellowship; Raman; Charpak; France; Student,"The “Raman-Charpak Fellowship Programme” is in honour of two Nobel Laureates in Physics, Prof C.V. Raman, Indian Nobel Laureate (1930) & Prof Georges Charpak, French Nobel Laureate (1992). The Fellowship was launched during the State visit of the President of France to India in February, 2013."
ra,Research Associates (RA),RA,Central,Individual,Education & Learning; Skills & Employment,Ministry Of Science And Technology,,Education; Employment; Bio-Technology,The Research Associates (RAs) of the Department of Biotechnology (DBT) in India are individuals who engage in research work under the DBT-Research Associateship Program in Biotechnology and its was started in 1999.
rad,Rainfed Area Development,RAD,Central,Family,"Agriculture,Rural & Environment",Ministry Of Agriculture and Farmers Welfare,,Rainfed; Dryland Agriculture; Watershed; Sustainable Agriculture,"Rainfed Area Development (RAD) scheme was launched in 2014-15 to mainstream development of rainfed areas in a sustainable manner. It adopts an area-based approach, focuses on Integrated Farming System (IFS) for enhancing productivity and minimizing risks associated with climatic variability."
rdis,"Research, Development & Innovation (RDI) Scheme",RDIS,Central,Individual,"Banking,Financial Services and Insurance; Science, IT & Communications",Ministry Of Science And Technology,,Research; Loan; RDI; Companies,"The Research, Development & Innovation (RDI) Scheme provides funding and support to help organizations create and improve new technologies or ideas so they can boost innovation, economic growth, and global competitiveness."
rdpws,Research and Development Programme in Water Sector,RDPWS,Central,Individual,"Science, IT & Communications","Ministry Of Water Resources,River Development & Ganga Rejuvenation",,Academician; Investigator; University; Laboratory; Fellowship; Remuneration; Subsidy,"The scheme aims to solve water sector problems through effective research and development. It provides Grants-in-Aid to academicians, universities, laboratories, government departments, and Non-Governmental Organizations to fund basic, applied, and action research projects."
rf,Ramanujan Fellowship,RF,Central,Individual,"Education & Learning; Science, IT & Communications",Ministry Of Science And Technology,,Ramanujan; Fellowship; Scientist; Engineer; Fellow; Science,"""Ramanujan Fellowship"" was started by the Science and Engineering Research Board, Govt. of India for brilliant Indian scientists and engineers from outside India to take up scientific research positions in India, those Indian scientists/engineers who want to return to India from abroad."
rgisfm,Research Grant For In-Service Faculty Members,RGISFM,Central,Individual,Education & Learning,Ministry of Education,,Research; Fellowship; Faculty; UGC,"The scheme ""Research Grant for In-Service Faculty Members"" was introduced by the University Grants Commission (UGC), Department of Higher Education (DoHE). The objective of this research grant is to provide opportunities to regularly appointed faculty members of Universities/ Institutes/ Colleges."
rgnfscc,Rajiv Gandhi National Fellowship For Scheduled Caste Candidates,RGNFSCC,Central,Individual,Education & Learning,Ministry of Education,,Fellowship; Scheduled Caste,The Rajiv Gandhi National Fellowship (RGNF) Scheme for Scheduled Caste is formulated and funded by the Ministry of Social Justice &Empowerment. The scheme is open to candidates who belong to Scheduled Caste and are pursuing higher studies such as regular and full-time M.Phil.and Ph.D.degrees.
rgpswobh,Rajbhasha Gaurav Puraskar Scheme for writing original book in Hindi,RGPSWOBH,Central,Individual,Education & Learning,Ministry Of Home Affairs,,Rajbhasha; Puraskar; Hindi; Official Language; Award,"The scheme aims to encourage original and translated book writing in Hindi. Through this scheme, monetary awards, certificates, and mementos are provided to Indian authors."
rgsaip,Rashtriya Gram Swaraj Abhiyan - Internship Program,RGSAIP,Central,Individual,Education & Learning; Skills & Employment,Ministry Of Panchayati Raj,,Internship; Research Scolars; Students,"The 'Internship Program' as part of the Framework for Implementation of Centrally Sponsored Scheme of Revamped Rashtriya Gram Swaraj Abhiyan (RGSA) (2022-23 to 2025-26) of the Ministry of Panchayati Raj (MoPR), Government of India (Gol), seeks to engage 'Students'."
rkpp,Rashtriya Khel Protsahan Puraskar,RKPP,Central,Individual,Sports & Culture,Ministry Of Youth Affairs & Sports,,Sports; Award,This scheme was launched by the Dept. of Sports. There are four categories of awards: (a) Identification and nurturing of budding/young talent (b) Encouragement to sports through Corporate Social Responsibility (c) Employment of sports persons and sports welfare measures (d) Sports for Development
rkvp,Rashtriya Krishi Vigyan Puraskar,RKVP,Central,Individual,"Agriculture,Rural & Environment",Ministry Of Agriculture and Farmers Welfare,,Krishi; Award; Farmer; Sciences; Technologies,The Rashtriya Krishi Vigyan Puraskar (RKVP) aims to honor scientists and technical experts for outstanding contributions and innovations in agriculture and allied sciences.
rkvyshfshc,RKVY Soil Health and Fertility - Soil Health Card,RKVYSHFSHC,Central,Individual,"Agriculture,Rural & Environment",Ministry Of Agriculture and Farmers Welfare,,Soil Health; INM; Soil Testing; Farmer; RKVY,The scheme aims to promote soil test-based nutrient management by providing Soil Health Cards containing soil analysis results and fertilizer recommendations to farmers across India.
rkvyshfvlstl,RKVY Soil Health and Fertility Village level Soil Testing Lab,RKVYSHFVLSTL,Central,Individual,"Agriculture,Rural & Environment",Ministry Of Agriculture and Farmers Welfare,,Soil Testing Lab; Soil Health; INM; Rural Entrepreneur; RKVY,"The scheme aims to provide easy and affordable access to soil testing facilities at the village level and support rural youth through financial assistance of ₹1,50,000/- for establishing Village Level Soil Testing Labs."
rmas,Raw Material Assistance Scheme,RMAS,Central,Infra,"Banking,Financial Services and Insurance","Ministry Of Micro, Small and Medium Enterprises",,NSIC; MSME; Raw Material; Credit Support,Raw Material Assistance Scheme aims to help MSMEs by way of financing the purchase of Raw Material (Both indigenous & imported). This gives an opportunity to MSMEs to focus better on manufacturing quality products.
rmewf,RMEWF-Financial Assistance For Medical Treatment Of Ex-Servicemen,RMEWF,Central,Individual,Health & Wellness,Ministry Of Defence,,Ex-Servicemen; Health Checkup; Medical Expenses; Health Treatment; Widow Of Ex-Servicemen,The aim of this aid gratis is to provide financial assistance to non-pensioner ESM or their widow to meet routine medical expenses during the year.
rmewf-disabled-child,RMEWF-Financial Assistance To 100% Disabled Child Of Ex-Servicemen,RMEWF-DISABLED CHILD,Central,Individual,Social welfare & Empowerment,Ministry Of Defence,,Ex-Servicemen; Child; Differently Abled; Financial Assistance; Widow,A scheme to provide financial assistance to Ex-Servicemen or their widows for their 100% disabled child.
rmewf-education,RMEWF-Financial Assistance For Education Of Children & Widows Of Ex-Servicemen,RMEWF - EDUCATION,Central,Individual,Education & Learning,Ministry Of Defence,,Wards Of Ex-Servicemen; Ex-Servicemen; Widow Of Ex-Servicemen; Grant,"The scheme aims to provide financial assistance of ₹1,000/- per month per child to a maximum of two dependent children of eligible Ex-Servicemen (ESM) or their widows for school and undergraduate education, and to widows pursuing a postgraduate degree."
rmewf-faocesm,RMEWF- Financial Assistance to Orphan Children of ESM,RMEWF-FAOCESM,Central,Individual,Social welfare & Empowerment; Women and Child,Ministry Of Defence,,Financial Assistance; Orphan; Children; Ex-servicemen,"Under this scheme, ₹3,000 per month (paid annually) is provided to eligible orphan children of ex-servicemen for educational and settlement support."
rmewf-penury,RMEWF-Financial Assistance For Ex-Servicemen In Penury,RMEWF-PENURY,Central,Individual,Social welfare & Empowerment,Ministry Of Defence,,Extreme Poor; Penury; Ex-Servicemen; Non-Pensioner Ex-Servicemen; Financial Assistance,"The scheme aims to provide financial relief to destitute non-pensioner Ex-Servicemen and their widows. Through this scheme, financial assistance per month (paid annually) is provided for lifetime support."
rmewf-vocational-training,RMEWF-Financial Assistance For Vocational Training Of Widows Of ESM,RMEWF-FAVTWESM,Central,Individual,Education & Learning; Women and Child; Skills & Employment,Ministry Of Defence,,Widows Of Ex-Servicemen; Vocational Training; Grant; Employment,The scheme aims to provide financial assistance to widows of ex-servicemen to help them become self-reliant through vocational training.
rmfgp,Reimbursement of membership Fee in Government promoted E-Commerce Portals,RMFGP,Central,Infra,Business & Entrepreneurship,"Ministry Of Micro, Small and Medium Enterprises",,Financial Assistance; Business; Entrepreneurship,Reimbursement of Membership fee of Government promoted e-commerce portals Scheme is a sub scheme under National Scheduled Caste and Scheduled Tribe Hub (NSSH) scheme.
rpsy,Rashtriya Parivar Sahayata Yojana,RPSY,Central,Family,Social welfare & Empowerment,Ministry Of Social Justice and Empowerment,,Financial Assistance; Empowerment; Social Justice; Family,This scheme is being executed for the family members who are unable to make their livelihood after the death of the primary breadwinner of the family.
rraslrrc,Relief and Rehabilitation Assistance to Sri Lankan Refugees in the Refugee Camps,RRASLRRC,Central,Family,Housing & Shelter; Social welfare & Empowerment,Ministry Of Home Affairs,,Refugee; Rehabilitation; Shelter; Security; Food,"The scheme provides relief materials, which among other things include Feeding Charges, Subsidized Rice, Clothing Materials, Utensils, Transportation Charges (on arrival), Porterage and Transport (on repatriation), Cash Doles, Infrastructure Facilities (at camps), Electricity, Drinking Water, etc."
rrcs,Raja Ramanna Chair (RRC) Scheme,RRCS,Central,Individual,Education & Learning,PMO,,Research Fellowship; Retired Scientists; Atomic Energy Research; Research And Development; Technologists; Nuclear Technology,"The scheme aims to utilize the expertise of active retired scientists, engineers, and technologists by engaging them in research and development projects, academic activities, mentoring, and studies related to critical technologies identified by the Department of Atomic Energy."
rrf,Ramalingaswami Re-Entry Fellowship,RRF,Central,Individual,Education & Learning,Ministry Of Science And Technology,,Fellowship; Grant; Research; PhD,The Department of Biotechnology has instituted a scheme known as the “Ramalingaswami Re-Entry Fellowship”. The scheme is aimed at Indian Nationals who are working overseas in various fields of biotechnology and life sciences and are interested in taking up scientific research positions in India.
rssgias,Research Study/Seminar (Grant-in-Aid Scheme),RSSGIAS,Central,Individual,Education & Learning,Ministry Of Statistics and Programme Implementation,,Institution; Research; Grant; Seminar; Travel,"The scheme aims to promote Research Studies, Seminars, and Travel Grants Assistance in official statistics. It provides financial assistance and data support to eligible research institutions/organizations and Central Government officials to bridge data gaps."
rtif,Right To Information Fellowship,RTIF,Central,Individual,Education & Learning,"Ministry Of Personnel, Public Grievances And Pensions",,Internship; Student; RTI; Journalism; Communication,"Under this scheme, DOPT proposes to offer four short-term fellowships to researchers from the field of media / Civil Society professionals / RTI Trainers to conduct field-based research on themes relating to RTI. It is hoped that the research output will enhance their understanding of the RTI Act."
rvp,Rashtriya Vigyan Puraskar,RVP,Central,Individual,"Science, IT & Communications",Ministry Of Science And Technology,,Science; Technology; Scientists; Awards; Development,"The objective of the Rashtriya Vigyan Puraskar (RVP) is to recognise the notable and inspiring contribution made by the scientists, technologists and innovators individually or in teams in various fields of science, technology and technology- led innovation."
saaopsg,Scheme For Arjuna Awards For Outstanding Performance In Sports And Games,SAAOPSG,Central,Individual,Sports & Culture,Ministry Of Youth Affairs & Sports,,Sports; Award,"The objective of Arjuna Awards is to recognize outstanding achievements of sportspersons in the field of sports at the international level. To be eligible for the award, a sportsperson should have good performance consistently for the previous four years at the international level."
sadppfaa,Scheme Of Assistance To Disabled Persons For Purchase/Fitting Of Aids/Appliances,SADPPFAA,Central,Infra,Social welfare & Empowerment,Ministry Of Social Justice and Empowerment,,Aids And Appliances; Social Welfare; PwD; Person With Disability,"The main objective of the Scheme is to assist needy disabled persons in procuring durable, sophisticated, scientifically manufactured, modern, standard aids and appliances that can promote their physical, social and psychological rehabilitation by reducing the effect of disabilities."
sag,Scheme For Adolescent Girls,SAG,Central,Individual,Health & Wellness; Social welfare & Empowerment; Women and Child,Ministry of Women and Child Development,,Female; Health; Medicine; Free Meal; Nutrition; Youth; Empowerment,"The scheme aims to address malnutrition among adolescent girls through nutritional and non-nutritional support. Through this scheme, nutritional support, health services, nutrition education and skilling support are provided to adolescent girls aged 14-18 years in identified areas."
sak-deg,AICTE – Saksham Scholarship Scheme For Specially-Abled Student (Degree),SAK-DEG,Central,Individual,Education & Learning,Ministry of Education,,Scholarship; PwD; Technical Education; Young Student,"Saksham is a Scholarship Scheme by the Ministry of Education, implemented by AICTE, aimed at providing encouragement and support to specially-abled children to pursue technical education. This is an attempt to give every young specially-abled student the opportunity to study further."
sak-dip,AICTE – Saksham Scholarship Scheme For Specially-Abled Student (Diploma),SAK-DIP,Central,Individual,Education & Learning; Social welfare & Empowerment,Ministry of Education,,Scholarship; PwD; Technical Education; Young Student,"Saksham is a Scholarship Scheme by the Ministry of Education, implemented by AICTE, aimed at providing encouragement and support to specially-abled children to pursue technical education. This is an attempt to give every young specially-abled student the opportunity to study further."
sapaandsdasdsggiapfafsd,Scheme of Assistance for the Prevention of Alcoholism & Substance (Drugs) Abuse and for Social Defence Services: General Grant-in-Aid Programme for Financial Assistance in the Field of Social Defence,SAPA&SDASDS:GGIAPFAFSD,Central,Infra,Social welfare & Empowerment; Transport & Infrastructure,Ministry Of Social Justice and Empowerment,,Rehabilitation; Social Defence; Grant; Financial Assistance,"The scheme aims to meet needs falling within the mandate of the Ministry which cannot be met under its regular schemes and support such initiatives of an innovative/pilot nature in the area of welfare and empowerment of the Ministry’s target groups, as cannot be supported under its regular schemes."
sarsjr,Scheme for Action Research and Studies on Judicial Reforms,SARSJR,Central,Individual,"Public Safety,Law & Justice; Skills & Employment",Ministry Of Law and Justice,,Research; Judicial; Financial; Academy; Evaluation; Monitoring,"The scheme provides financial assistance for undertaking action research, evaluation studies, monitoring studies, capacity building, publishing reports, and promoting innovative programmes in the areas of Justice Delivery, Legal Research, and Judicial Reforms."
sasjfopfc,Scheme For Award Of Senior/Junior Fellowships To Outstanding Persons In The Fields Of Culture,SASJFOPFC,Central,Individual,Sports & Culture,Ministry Of Culture,,Fellowship; Culture; Arts; Junior Fellows; Senior Fellows,"The scheme “Scheme for Award of Senior/Junior Fellowships to Outstanding Persons in the Fields of Culture” was launched by the Ministry of Culture, Government of India."
sasscdc,Scheme of Assistance to State Scheduled Castes Development Corporations,SASSCDC,Central,Individual,Social welfare & Empowerment; Business & Entrepreneurship,Ministry Of Social Justice and Empowerment,,Scheduled Caste; Employment; Agriculture; Industry; Transport; Subsidy,"The scheme aims to provide economic development assistance to Scheduled Castes living below the poverty line through financial support and credit facilitation. It provides share capital, margin money loans, and subsidies to Scheduled Castes families for employment-oriented schemes."
sbm-g-i,Swachh Bharat Mission – Grameen PHASE I,SBMGPI,Central,Individual,Health & Wellness; Utility & Sanitation,Ministry Of Jal Shakti,,Sanitation; Toilet; Grameen; Swachh Bharat,The scheme aims to eliminate open defecation and improve rural sanitation by supporting toilet construction and promoting usage among poor and marginalized rural households.
sbm-g-ii,Swachh Bharat Mission (Grameen) Phase II,SBM-GPII,Central,Family,Utility & Sanitation; Health & Wellness,Ministry Of Jal Shakti,,Swachh Bharat; Toilet; Sanitation; Rural; Grameen,A sanitation scheme for Visual cleanliness through Open Defecation Free (ODF) sustainability and effective management of solid and liquid waste in villages.
sbm-u,Swachh Bharat Mission – Urban 2.0,SBM - U,Central,Family,Utility & Sanitation; Health & Wellness,Ministry Of Housing & Urban Affairs,,Toilet; Sanitation,A sanitation scheme for the construction of Individual Household Latrines (IHHL) for urban households.
sby,Seva Bhoj Yojna,SBY,Central,Infra,Sports & Culture,Ministry Of Culture,,Seva; Bhoj; Charitable Institutions; Religious Institutions; Free Food; Prasad,"The scheme “Seva Bhoj Yojna” was launched by the Ministry of Culture, Government of India and it has been made operational with effect from the 1st of August, 2018. The scheme shall be applicable within the territorial jurisdiction of India and will remain open from the 1st to 15th of every month."
scafe,Scheme For Campus Accommodation & Facilities Enhancing Social Experience,SCAFE,Central,Infra,Education & Learning,Ministry of Education,,Accomodation; Institution; Hostel,"""Scheme for Campus Accommodation & Facilities Enhancing Social Experience (CAFES)"" was introduced by AICTE to provide financial assistance for construction of hostel to create a congenial study atmosphere free from the shackles of domestic shores so as to encourage students to purse their education."
scbapp,Subhash Chandra Bose Aapda Prabandhan Puraskar,SCBAPP,Central,Infra,Social welfare & Empowerment; Skills & Employment,Ministry Of Home Affairs,,Awrad; Citizen; Institution; Disaster Management,"The scheme aims to recognize excellent work done by individuals and institutions in the field of disaster management including prevention, mitigation, preparedness, response, and rehabilitation."
scheme-of-grant-in-aid,"Scheme of Grants-in-Aid for supporting professional associations/ organisations of social scientists, companies and trusts duly registered under the Companies Act for their development",PUBLICATION GRANT FOR MAINTENANCE & DEVELOPMENT,Central,Infra,Education & Learning,Ministry of Education,,ICSSR Grants; Maintenance And Development Grants; Research Promotion; Social Science Institutions; Social Scientists,"The Indian Council of Social Science Research (ICSSR), under the Ministry of Education, Government of India, provides Grants-in-Aid for supporting professional associations/ organisations of social scientists, companies and trusts for their development."
sclcss,Special Credit Linked Capital Subsidy Scheme (SCLCSS) for Scheduled Caste/Scheduled Tribe,SCLCSS,Central,Infra,Business & Entrepreneurship,"Ministry Of Micro, Small and Medium Enterprises",,Plant & Machinery; Equipment; Subsidy; Financial Assistance; Scheduled Caste; Scheduled Tribe; Business & Entrepreneurship,Special Credit Linked Capital Subsidy Scheme (SCLCSS) for Scheduled Caste / Scheduled scheme aims to facilitate capital subsidy to SC/ST MSEs for purchasing of plant & machinery/equipment through institutional finance (bank loan).
scss,Senior Citizens Saving Scheme,SCSS,Central,Individual,"Banking,Financial Services and Insurance",Ministry Of Finance,,Senior Citizen; Banking; Finance,"Introduced in 2004 by the Govt. of India, SCSS offers a steady stream of income for individuals over 60 years old. As it is a government-backed scheme, there is minimal risk associated with SCSS. Individuals can apply for this scheme in post offices and public and private banks."
scsssetul,Star College Scheme For Strengthening Of Science Education And Training At Undergraduate Level,SCSSSETUL,Central,Infra,Education & Learning,Ministry Of Science And Technology,,College; Student; Training; Research,"The Dept. of Biotechnology has launched ""Star College Scheme for Strengthening of Science Education and Training at Undergraduate Level"" for improving critical thinking and 'hands-on' experimental work at the undergraduate (college) level in sciences."
sdaccb,Scheme of Development Assistance to Colleges for the Construction of Buildings,SDACCB,Central,Infra,Transport & Infrastructure; Education & Learning,Ministry of Education,,College; Construction; Building; Grant; Infrastructure; Development,"The scheme aims to provide development assistance to Colleges to help in the consolidation and expansion of infrastructure. Financial assistance is provided to eligible Colleges for the construction and renovation of essential buildings like classrooms, laboratories, and hostels."
sdaocsg,Scheme for Dronacharya Award for Outstanding Coaches in Sports and Games,SDAOCSG,Central,Individual,Sports & Culture,Ministry Of Youth Affairs & Sports,,Award; Sports; Financial Assistance; Coach; Recognition,The award for Outstanding Coaches in Sports & Games is a prestigious national sports award instituted by the Government of India to recognize coaches who have consistently demonstrated outstanding & meritorious work in training sportspersons to achieve excellence at international competitions.
sdatocitt,Skill Development and Training of Candidates in Technical Textiles,SDATOCITT,Central,Individual,Business & Entrepreneurship; Education & Learning,Ministry Of Textiles,,Technical; Skill Development; Training; Textiles,"The scheme aims to train skilled professionals for the technical textiles industry, develop transferable skills, create a strong knowledge ecosystem, integrate trained individuals into various roles, and promote continuous learning and innovation."
sdesdm,Scheme for ‘Skill Development in ESDM for Digital India’,SDESDM,Central,Individual,Skills & Employment,Ministry of Electronics and Information Technology,,Students; Polytechnic; Under Graduates; Graduates; ITI; Training; Certification,"The scheme aims to skill 3,28,000 candidates in the ESDM sector. Through this scheme, training and certification benefits are provided to students and unemployed youth."
sebiitdip,SEBI ITD Internship Program,SEBIITDIP,Central,Individual,Education & Learning,Ministry Of Finance,,Internship; Student; FinTech; Business; Data Analytics,The SEBI ITD Internship Program provides hands-on training to the students of the institutes based in and around Mumbai. The program accepts up to 15 interns. The Interns accepted under this program would be given an opportunity to work on different Information Technology (IT) projects.
secoii,Solar Energy Corporation of India (SECI) Internship,SECOII,Central,Individual,Skills & Employment; Education & Learning,Ministry Of New and Renewable Energy,,Stipend; Internship; Student; Graduate; Post-Graduate,"The SECI Internship Policy is designed to provide practical experience to students in the renewable energy sector. The program aims to give interns exposure to SECI's various divisions, helping them understand the renewable energy sector."
seed-ee,"Scheme for Economic Empowerment of De-notified, Nomadic and Semi-Nomadic Tribes - ""Educational Empowerment"" Component",SEED-EE,Central,Individual,Social welfare & Empowerment; Education & Learning,Ministry Of Social Justice and Empowerment,,Student; Education; Coaching; Empowerment; Examination; Tribe,"The scheme aims to provide good coaching quality for De-notified, Nomadic and Semi-Nomadic Tribes candidates to enable them to appear in competitive examinations. Provides free coaching and stipend support to students from these marginalized communities."
sefasmea,Scheme for Extending Financial Assistance to Sugar Mills for Enhancement and Augmentation of Ethanol Production Capacity,SEFASMEA,Central,Infra,Business & Entrepreneurship,"Ministry Of Consumer Affairs, Food And Public Distribution",,Ethanol Production; Sugar Mills; Distilleries; Interest Subvention; Grain Based Distilleries; Dual Feed Distilleries; Sugarcane,The scheme aims to increase ethanol production capacity and improve liquidity of sugar mills through interest subvention on loans for setting up or expanding ethanol distilleries under the Ethanol Blended with Petrol Programme.
senior-fellowship,ICSSR Senior Fellowship,ICSSR SENIOR FELLOWSHIP,Central,Individual,Education & Learning,Ministry of Education,,ICSSR Fellowships; Senior Fellowship; Social Science Research; Research Promotion; Social Scientists,"The Indian Council of Social scientific Research (ICSSR), under the Ministry of Education, offers a Senior Fellowship Scheme designed to assist accomplished Indian researchers in conducting advanced social science research."
serbpowerf,SERB - POWER Fellowship,SERBPOWERF,Central,Individual,"Science, IT & Communications; Women and Child",Ministry Of Science And Technology,,SERB; POWER; Fellowship; Woman; Research; Science,"The SERB - POWER Fellowship is designed to identify and reward excellent women researchers in Indian academic institutions and R&D laboratories, holding Ph.D. degrees in any branch of science and engineering."
serbpowerrg,SERB - POWER Research Grants,SERBPOWERRG,Central,Individual,"Science, IT & Communications; Women and Child",Ministry Of Science And Technology,,SERB; Research Grant; POWER; Woman Researcher; Investigator; Woman Scientist,The aim of the ‘SERB - POWER Research Grants’ is to encourage emerging and eminent women researchers for individual-centric and competitive mode of research funding to undertake R&D activities in frontier areas of science and engineering.
serbrss,SERB Research Scientist Scheme,SERBRSS,Central,Individual,"Science, IT & Communications",Ministry Of Science And Technology,,SERB; Research Scientist; INSPIRE; Faculty; Ramanujan; Fellowship,"SERB Board has launched a new ‘SERB Research Scientist (SRS) Scheme’ for the awardees of INSPIRE Faculty and Ramanujan Fellowships, who fail to secure regular positions after completion of the regular tenure of five years in the respective schemes."
sfaifiinp,Scheme of Financial Assistance to IHMs/FCIs/IITTM/ICI/NCHMCT/PSUs,SFAIFIINP,Central,Infra,Travel & Tourism; Transport & Infrastructure,Ministry Of Tourism,,Institute; Society; Construction; Upgradation; Equipment; Hospitality; Tourism,"The scheme aims to provide Central Financial Assistance for setting up, expanding, upgrading, and replacing equipment for institutions involved in tourism and hospitality education and capacity building. Benefits include capital grants for construction and equipment."
sfapdchh,Scheme Of Financial Assistance For The Preservation And Development Of Cultural Heritage Of The Himalayas,SFAPDCHH,Central,Infra,Sports & Culture,Ministry Of Culture,,Culture; Heritage; Himalayas; Financial Assistance; Development,"The scheme “Scheme of Financial Assistance for the Preservation and Development of Cultural Heritage of the Himalayas” was launched by the Ministry of Culture, Government of India."
sfava,Scheme For Financial Assistance For Veteran Artists,Sfava,Central,Individual,Sports & Culture; Social welfare & Empowerment,Ministry Of Culture,,Artists; Pension; Veteran; Culture; Senior Citizen; Financial Assistance,"A pension scheme by MoC improves the financial and socio-economic status of the old artists and scholars who have contributed significantly in their specialized fields. Still, due to old age, they have to lead a miserable life or are in penury condition."
sfhrisafr,Scheme of Human Resources Development in Sports: Assistance for Research,SFHRISAFR,Central,Individual,Sports & Culture,Ministry Of Youth Affairs & Sports,,Sports Research Funding; Research Grant; Sports Science; Sports Medicine,"The scheme aims to provide financial assistance for sports-related research projects that contribute to the improvement of sports and games in India and promote innovation in sports sciences, medicine, psychology, performance enhancement, and other sports-related disciplines."
sfsmttpotc,Scheme for Supportive Money to the Parents of Transgender Children,SFSMTTPOTC,Central,Family,Social welfare & Empowerment; Women and Child,Ministry Of Social Justice and Empowerment,,Financial Assistance; Transgender; Child,"The ""Scheme for Supportive Money to the Parents of Transgender Children"" aims to provide financial assistance of ₹1,000/- to the parents of transgender children. Transgender persons face stigma and discrimination in almost every sphere of their life including within the group, health facilities."
sfurti,Scheme of Fund for Regeneration of Traditional Industries,SFURTI,Central,Infra,"Banking,Financial Services and Insurance; Business & Entrepreneurship","Ministry Of Micro, Small and Medium Enterprises",,SFURTI; Traditional Industries; MSME; Coir; Soft Intervention; Hard Intervention; Thematic Intervention,"To make the traditional industries more productive and competitive and facilitating their sustainable development, the Govt. of India announced in 2005-06, setting up of a fund for the regeneration of traditional industries. Pursuant to this announcement, a Central Sector Scheme titled the “SFURTI""."
sga,Shilp Guru Award,SGA,Central,Infra,Skills & Employment,Ministry Of Textiles,,Award; Master Craftperson; Handicrafts; National Awardee; State Awardee,The “Shilp Guru Award” for master craftspersons was introduced by the Ministry of Textiles to honor legendary master craftspersons of handicrafts whose work and dedication have contributed not only to the preservation but also to the promotion of the rich and diverse craft heritage of the country.
sgfaarsaaowdfrs,Scheme for Grant of Financial Assistance for Administering Road Safety Advocacy and Awards for the Outstanding Work Done in the Field of Road Safety,SGFAARSAAOWDFRS,Central,Infra,Transport & Infrastructure,Ministry Of Road Transport & Highways,,Financial Assistance; Road Safety; Advocacy; Award; NGO; Trust; Cooperative Society,"The objective of the Scheme is to stimulate and encourage opportunities for various agencies through participation, in order to create awareness on road safety."
sgiavoowsc,Scheme of Grant-in-Aid to Voluntary and other Organizations Working for Scheduled Castes,SGIAVOOWSC,Central,Infra,Social welfare & Empowerment,Ministry Of Social Justice and Empowerment,,Scheduled Caste; Grant; NGO,"The ""Scheme aims to enhance the reach of development interventions of the Government and fill the gaps in service-deficient Scheduled Caste-dominant areas in sectors such as education, health, vocational training, etc., through the efforts of voluntary organizations and other organizations."
sgiavowwst,Scheme of Grant-in-Aid to Voluntary Organisations Working for the Welfare of Scheduled Tribes,SGIAVOWWST,Central,Infra,Social welfare & Empowerment,Ministry Of Tribal Affairs,,Voluntary Organisation; NGO; Scheduled Tribe; PVTG; Grant,"The Central Sector Scheme “Scheme of Grant-in-Aid to Voluntary Organisations Working for the Welfare of Scheduled Tribes” was launched by the Ministry of Tribal Affairs, Government of India."
sgrcsl,Scheme For Grant Of Rewards To The Children Of Salt Labourers,SGRCSL,Central,Individual,Social welfare & Empowerment; Education & Learning,Ministry Of Commerce And Industry,,Salt Workers; Salt Labourers; Children; Rewards; Salt Industry; Students,"The scheme “Scheme for Grant of Rewards to the Children of Salt Labourers” was launched by Department for Promotion of Industry and Internal Trade (DPIIT), Ministry of Commerce and Industry in the year 1985."
sgs,Good Samaritan Scheme,SGS,Central,Individual,Social welfare & Empowerment,Ministry Of Road Transport & Highways,,Accident; Citizen Empowerment; Health,"Launched on 3rd Oct 2021 by the MoRTH, the scheme grants an award to the good samaritan who has saved the life of a victim of a fatal accident (involving a motor vehicle) by administering immediate assistance and rushing to the Hospital/Trauma Care Centre within the Golden Hour of the accident."
shrds-amocsp,"Scheme of Human Resources Development in Sports- Assistance to Match Officials, Coaches and Support Personnel",SHRDS-AMOCSP,Central,Individual,Sports & Culture,Ministry Of Youth Affairs & Sports,,Financial Assistance; Training; Coach; Abroad,"The scheme aims to develop specialists, coaches, officials, and researchers in sports. Under this scheme, fellowships, training support, research grants, and publication assistance are provided to sports personnel and institutions."
shrds-fp,Scheme of Human Resources Development in Sports- Fellowship Programme,SHRDS-FP,Central,Individual,Sports & Culture; Education & Learning,Ministry Of Youth Affairs & Sports,,Fellowship; Training; Sports Law,"The scheme aims to develop specialists, coaches, officials, and researchers in sports. Under this scheme, fellowships, training support, research grants, and publication assistance are provided to sports personnel and institutions."
shrdspowsrs,Scheme of Human Resources Development in Sports: Publication of Outstanding Works on Sports Related Subjects,SHRDSPOWSRS,Central,Infra,Sports & Culture,Ministry Of Youth Affairs & Sports,,Sports Publications; Sports Research; Sports Journals; E-Publications; Online Sports Content; Sports Knowledge Dissemination,"The scheme aims to provide financial assistance for the publication of outstanding works, journals, e-publications, online content, and web-based applications related to sports and games, thereby promoting sports knowledge, research, and awareness among stakeholders and the general public."
shreshta-m2-ngoos,Scheme For Residential Education For Students in High Schools in Targeted Areas (SHRESHTA): Mode 2 - NGO Operated Schools,SHRESHTA-M2-NGOOS,Central,Individual,Education & Learning,Ministry Of Social Justice and Empowerment,,Student; Education; School; Hostel; Grant,"The sub-scheme aims to provide quality education and opportunities to students from SC communities through grant-in-aid institutions run by Non-Governmental Organizations and residential high schools, addressing the gap in service deficient Scheduled Caste dominant areas in the education sector."
shrestha-m1-ssbcprs,Scheme For Residential Education For Students in High Schools in Targeted Areas (SHRESHTA): Mode 1 - SHRESHTA Schools (Best CBSE Private Residential Schools),SHRESTHA-M1-SSBCPRS,Central,Individual,Social welfare & Empowerment; Education & Learning,Ministry Of Social Justice and Empowerment,,School; Student; Scholarship; Education; Tuition,The scheme aims to provide access to high quality education to students from Scheduled Caste communities in best private residential schools. It provides scholarships and bridge courses to meritorious Scheduled Caste students selected through national entrance test.
shreyas,Scholarships for Higher Education for Young Achievers Scheme (SHREYAS)  (OBC & Others),SHREYAS,Central,Individual,Education & Learning,Ministry Of Social Justice and Empowerment,,Education Loan; Overseas Studies; Student; Financial Assistance; Higher Education; M Phil; PhD; Research Fellow,"The scheme aims to ensure the educational empowerment of OBC and EBC students. Through this scheme, fellowships and interest subsidies on overseas education loans are provided to eligible beneficiaries."
siip,Study in India Programme,SIIP,Central,Individual,Education & Learning,Ministry of Education,,International Student; Higher Education; Financial Assistance; Courses,"The Study in India Programme aims to promote India as a global education hub by offering centralized admissions, quality education, and visa support to international students.”"
sip,SAHAKAR MITRA: NCDC’s Scheme on Internship Programme,SIP,Central,Individual,Skills & Employment,Ministry Of Agriculture and Farmers Welfare,,Internship; Student; Professional; Intern; Graduate; SIP,The programme aims at providing an opportunity to professional graduates to get experience in areas of functioning of NCDC and related aspects of cooperatives.
sipgrs-mospi,Scheme of Internship for Post-Graduate/Research Students,SIPGRS,Central,Individual,Education & Learning,Ministry Of Statistics and Programme Implementation,,Internship; Student; Education; Statistics,MoSPI is implementing the scheme of Internship for Post-graduate/Research Students of Statistics/ Mathematical Statistics/ Operations Research/ Economics/ Demography or any of the applied field of Statistics of recognized Universities//Institutions.
sipocagi,Student Internship Programme,SIP-CAG,Central,Individual,Education & Learning,Comptroller And Auditor General Of India,,Internship; Student; Information Technology; Intern,"The Student Internship Program, a unique learning opportunity aims to provide the Interns exposure to the functioning of the CAG of India and the Indian Audit & Accounts Department."
sipprl,Summer Internship Programme (PRL),SIPPRL,Central,Individual,Education & Learning,Ministry Of Science And Technology,,Internship; Students; Teachers; Research; Graduation; Post-Graduation,"The Physical Research Laboratory (PRL) Summer Internship Programme aims to provide a platform for highly motivated students & teachers to interact with PRL’s scientists, gaining exposure to the lab’s research areas and facilities. Participants will work on projects in fundamental science, technology"
sire,SERB International Research Experience,SIRE,Central,Individual,"Science, IT & Communications; Education & Learning",Ministry Of Science And Technology,,SERB; International Research; SIRE; Fellowship; Fellow,"The Science and Engineering Research Board (SERB), a statutory body under the Department of Science and Technology, Government of India has launched ""SERB International Research Experience (SIRE)""."
sisdgft,Summer Internship Scheme Of DGFT,SISDGFT,Central,Individual,Education & Learning,Ministry Of Commerce And Industry,,Internship; Student; Foreign Trade; Public Policy; Commerce,The Summer Internship Scheme by the Directorate General of Foreign Trade is for the interaction of the officers of the Directorate with young scholars and researchers with brilliant academic backgrounds from reputed academic institutions pursuing Studies/Research in Public Policy/Economics/Law etc.
sisdrdolept,Scheme of Internship of Students to DRDO Labs/Estts for Project Training,SISDRDOLEPT,Central,Individual,Education & Learning,Ministry Of Defence,,Internship; Student; DRDO; Project Training; Graduate; Postgraduates,The scheme aims to provide an opportunity and exposure to future graduates and postgraduates in Engineering and General Sciences to the research and development activities carried out by DRDO in state-of-the-art technology in fields relevant to the defense sector.
sisfs-fi,Startup India Seed Fund Scheme- For Incubators,SISFS-FI,Central,Infra,Business & Entrepreneurship,Ministry Of Commerce And Industry,,Startup; Seed Fund; Incubator; Financial Assistance,"The scheme “Startup India Seed Fund Scheme (SISFS)” was launched by the DPIIT on 19th April 2021 to provide financial assistance to startups for proof of concept, prototype development, product trials, market-entry, and commercialization."
sisfs-fs,Startup India Seed Fund Scheme- For Startups,SISFS-FS,Central,Infra,Business & Entrepreneurship,Ministry Of Commerce And Industry,,Startup; Seed Fund; Financial Assistance; Incubator; Grant,"The scheme “Startup India Seed Fund Scheme (SISFS)” was launched by the DPIIT on 19th April 2021 with an outlay of INR 945 Crore to provide financial assistance to startups for Proof of Concept, prototype development, product trials, market-entry, and commercialization."
sitare-ag,SITARE-Appreciation Grant,SITARE-AG,Central,Individual,Skills & Employment,Ministry Of Science And Technology,,SITARE; Appreciation; Grant; Residential Workshop; BIIS; Undergraduate Student,SITARE-Appreciation Grant: Residential workshops called as Biotech Innovation Ignition School (BIIS) for undergraduate students are organized to provide hands-on technical training and mentorship for problem identification in 3-4 weeks duration.
sjfs,Swarnajayanti Fellowships Scheme,SJFS,Central,Individual,"Science, IT & Communications",Ministry Of Science And Technology,,Swarnajayanti; Fellowship; Young Scientist; Research; PhD,"Under this scheme, a selected number of young scientists, with proven track record, are provided special assistance and support to enable them to pursue basic research in frontier areas of science and technology."
sjpfsgc,Savitribai Jyotirao Phule Fellowship For Single Girl Child,SJPFSGC,Central,Individual,Education & Learning; Women and Child,Ministry of Education,,Girl Child; Fellowship; PhD,"Savitribai Jyotirao Phule Fellowship for Single Girl Child (SJSGC) is a Fellowship Scheme by the University Grants Commission (UGC), Department of Higher Education, for pursuing research work leading to the award of a Ph.D. degree. The target group of this scheme is the ‘single girl child'."
sl,Skill Loan Scheme,SL,Central,Individual,"Skills & Employment; Banking,Financial Services and Insurance",Ministry Of Skill Development And Entrepreneurship,,Skill Development; Student; Industrial Training Institutes; Polytechnics; Loan,"The scheme aims to support youth by providing access to institutional credit for skill training courses. Through this scheme, collateral-free loans and credit guarantee support are provided to eligible borrowers for undertaking skill training programmes."
smam,Sub-mission On Agriculture Mechanization,SMAM,Central,Infra,"Agriculture,Rural & Environment",Ministry Of Agriculture and Farmers Welfare,,Sub-Mission; Agriculture; Mechanization; SMAM,The Sub-Mission on Agricultural Mechanization was launched in 2014-15 by the Ministry of Agriculture and Farmers’ Welfare.
smbdlp,Sub-mission on Breed Development of Livestock and Poultry,SMBDLP,Central,Individual,"Business & Entrepreneurship; Agriculture,Rural & Environment","Ministry of Fisheries,Animal Husbandry and Dairying",,Rural; Poultry; Farming; Livestock,"The Department of Animal Husbandry & Dairying introduced the National Livestock Mission as umbrella scheme. The ""Sub-mission on Breed Development of Livestock and Poultry"" is the realigned National Livestock Mission, which is the scheme's sub-mission."
smile,Garima Greh Shelter Homes For Transgender Persons,SMILE,Central,Individual,Social welfare & Empowerment; Housing & Shelter,Ministry Of Social Justice and Empowerment,,Transgender; Shelter Home; Accomodation; Rehabilitation,"The aims to provide shelter, protection, rehabilitation, livelihood opportunities, and social reintegration support to transgender persons. It also provides shelter facilities, food, medical care, counselling, legal assistance, skill development, and document support to transgender persons."
smile-scholarship,SMILE - Comprehensive Rehabilitation For Welfare Of Transgender Persons,SMILE-SCHOLARSHIP,Central,Individual,Education & Learning,Ministry Of Social Justice and Empowerment,,Transgender; Scholarship; Secondary Education; Senior Secondary Education; Rehabilitation,A scheme to provide Financial Assistance in the form of scholarships is provided to Transgender students studying in secondary school (IX & X) & senior secondary school (XI & XII) to reduce the incidence of dropout and support their educational aspirations.
smile-skill-and-training,SMILE - Comprehensive Rehabilitation For Welfare Of Transgender Persons – Skill Development And Training,SMILE - SKILL AND TRAINING,Central,Individual,Skills & Employment; Social welfare & Empowerment,Ministry Of Finance,,Transgender; Skill Developemnt; Training,The scheme aims to provide employment opportunities to the person belonging to transgender person community by providing them market-oriented skills.
sn2408,National Fellowship for Students with Disabilities,NFFSWD,Central,Individual,Education & Learning,Ministry Of Social Justice and Empowerment,,Education; Learning; Fellowship,"A Scheme ""National Fellowship For Students With Disabilities"" was initiated by the Department of Empowerment of Persons with Disabilities under the ""Ministry of Social Justice and Empowerment""."
snas,Sukhatme National Award in Statistics,SNAS,Central,Individual,"Science, IT & Communications",Ministry Of Statistics and Programme Implementation,,Award; Research; Young Statistician; Statistics; Data Management System; Data Intergration,"The scheme aims to recognise excellence in statistical research and official statistics. Through this scheme, national recognition is provided to eligible Indian statisticians for lifetime or young achiever contributions."
sngis,STPI – Next Generation Incubation Scheme (NGIS),SNGIS,Central,Individual,"Banking,Financial Services and Insurance; Business & Entrepreneurship",Ministry of Electronics and Information Technology,,Technology; Startups; DPIIT; Company; Internship,"NGIS is a government scheme that helps nurture early-stage tech startups by providing incubation support, funding, and mentorship so they can develop strong, scalable business ideas."
spcsdigitalplanetarium,"Scheme for Promotion of Culture of Science: Digital Planetarium/Space And Astronomy Education Centre (Category 1, Category 2 And Category 3)",SPCSDIGITALPLANETARIUM,Central,Infra,Sports & Culture,Ministry Of Culture,,Digital Planetarium; Education Centre; Space; Astronomy; Science Centre,"The scheme component aims to create awareness about the sky, space and celestial phenomena and to eradicate related superstitions. Capital cost and corpus fund assistance under three categories is provided to State/Union Territory Governments and their Societies."
spcsihubs,Scheme For Promotion Of Culture Of Science: Innovation Hubs,SPCSIHUBS,Central,Infra,Sports & Culture,Ministry Of Culture,,Financial Assistance; Innovation Hubs; Corpus Fund; Discovery Hall; Innovation Laboratory; Innovation Resource Centre; Hall Of Fame,"The ""Innovation Hubs"" component of the Scheme aims to foster problem-solving, project-based learning, and innovation among young children. Capital and three-year recurring assistance on a 50:50 sharing basis is provided to State/Union Territory Governments, Societies and institutions."
spcsupgrade,"Scheme for Promotion of Culture of Science: Modernization/Up-gradation Of Existing Science Cities, Science Centres And Innovation Hubs",SPCSUPGRADE,Central,Infra,Sports & Culture,Ministry Of Culture,,Modernize; Upgrade Galleries; Exhibitions; Science Cities; Science Centres; Innovation Hubs,"The Scheme aims to modernise and upgrade galleries, exhibitions and visitor amenities in existing facilities. Grants up to specified maximum ceilings are provided to eligible existing Science Cities, Science Centres and Innovation Hubs."
spculturescience,Scheme for Promotion of Culture of Science: Science City,SPCULTURESCIENCE,Central,Infra,Sports & Culture,Ministry Of Culture,,Financial Assistance; Capital Cost; Corpus Fund; Organising Exhibitions; Seminars; Science Camps,"The scheme aims to create an immersive, experiment-based learning attraction that builds scientific temper. Financial assistance for capital cost and corpus fund is provided to State/Union Territory Governments and their Societies."
spdmtfptantner,"Scheme for Plantation Development (New planting & Replanting) under Medium Term Framework Plan (MTFP) in Traditional Areas (Kerala and Tamil Nadu), Non-Traditional and North Eastern Region",SPDMTFPTANTNER,Central,Infra,"Business & Entrepreneurship; Agriculture,Rural & Environment",Ministry Of Commerce And Industry,,Rubber; Agriculture; Farming; Plant; Seed; Subsidy; DBT,The Scheme is intended to increase the production of natural rubber in India by accelerating new planting and replanting of rubber on scientific lines. Accelerated new planting/replanting would be achieved by giving proper technical guidance and financial assistance to growers.
specs,"Scheme for Promotion of Manufacturing of Electronic Components and Semiconductors (SPECS)""",SPECS,Central,Infra,"Science, IT & Communications; Business & Entrepreneurship",Ministry of Electronics and Information Technology,,Semiconductor; Display Fabrication Units; Electronics Manufacturing; Financial Incentive; Capital Expenditure; Manufacturing,"The scheme aims to offset the disability for domestic manufacturing of components and semiconductors to strengthen the electronics manufacturing ecosystem. Through this scheme, a financial incentive of 25% on capital expenditure to legal entities registered in India."
spnua,Sardar Patel National Unity Award,SPNUA,Central,Infra,Education & Learning,Ministry Of Home Affairs,,Awrad; Institution; Citizen; Organization,"Under this scheme, the highest civilian recognition in the field of national unity is provided to individuals or institutions demonstrating exceptional dedication to strengthening the unity of India."
spocs123,"Scheme for Promotion of Culture of Science: Science Centre (Category-I, Category-II, Category-III)",SPOCS123,Central,Infra,Sports & Culture,Ministry Of Culture,,Financial Assistance; Capital Cost; Corpus Fund; Museums; Science Category,"The scheme component aims to promote hands-on ""doing science"" through experimental, self-discovery exhibits. Financial assistance for capital costs and corpus fund under three categories is provided to State/Union Territory Governments and their Societies."
sprs,Single Point Registration Scheme,SPRS,Central,Infra,"Banking,Financial Services and Insurance","Ministry Of Micro, Small and Medium Enterprises",,Registration; Micro Enterprises; Small Enterprises; Purchase; Procurement; MSE; NSIC,National Small Industries Corporation enlists Micro & Small Enterprises under Single Point Registration scheme for participation in Government Purchases. The units enlisted under this scheme of NSIC are eligible to get the benefits under Public Procurement Policy for Micro & Small Enterprises.
sr,Student READY (Rural Entrepreneurship Awareness Development Yojana),SR,Central,Individual,"Education & Learning; Agriculture,Rural & Environment",Ministry Of Agriculture and Farmers Welfare,,Student; Research And Education; Agriculture; Internship; Farmers,"The Student READY (Rural Entrepreneurship Awareness Development Yojana) program aims to provide rural entrepreneurship awareness, and practical experience in a real-life situation in rural agriculture, and create awareness to undergraduate students about practical agriculture and allied sciences."
srcs,Samarth-Respite Care Scheme,SRCS,Central,Individual,Social welfare & Empowerment,Ministry Of Social Justice and Empowerment,,Person With Disability; Respite And Residential Care; Group Home; Orphan; Abandoned,"Samarth (Respite Care) scheme, launched by the Department of Empowerment of Persons with Disabilities, aims at setting up Samarth Centres for providing respite and residential care for the specified categories of Persons with Disability (PwD)."
sre-randr,Security Related Expenditure (Relief and Rehabilitation),SRE (R&R),Central,Individual,Housing & Shelter; Social welfare & Empowerment,Ministry Of Home Affairs,,Reimbursement; Migrant; Shelter; Rehabilitation; Relief,"The scheme aims to support the relief and rehabilitation of the Kashmiri migrants who have been uprooted from the Valley during the militancy period besides other relief & rehabilitation measures. ""SRE (R&R) Scheme"" is a component of the Umbrella scheme, 'Modernization of Police Forces (MPF)""."
srms,Self Employment Scheme For Rehabilitation Of Manual Scavengers,SRMS,Central,Family,Skills & Employment; Social welfare & Empowerment; Education & Learning,Ministry Of Social Justice and Empowerment,,Employment; Rehabilitation; Scavengers; Financial Assistance; Loan; Subsidy,"The Self Employment Scheme for Rehabilitation of Manual Scavengers (SRMS) was introduced in January 2017 by the Ministry of Social Justice and Empowerment, to assist the identified manual scavengers and their dependants in rehabilitation in alternative occupations."
srtccst,Scheme for Reimbursement of Testing and Certification Charges for Start-ups and Telecom MSEs,SRTCCST,Central,Infra,Business & Entrepreneurship,Ministry of Electronics and Information Technology,,Certification; Startup; Micro & Small Enterprises; Telecom; Financial Support; Reimbursement,The scheme aims to reimburse testing and certification costs. Financial support is provided to Start-ups and MSEs to enhance telecom product competitiveness.
ssa-romti,Sagar Samman Award- Recognition of Outstanding Maritime Training Institutes,SSA-ROMTI,Central,Individual,Education & Learning; Skills & Employment,"Ministry of Ports,Shipping and Waterways",,Institutes; Training; Skill Development; Maritime,The scheme aims to recognize excellence in maritime education and training by providing rankings and recognition to top maritime institutes.
ssa-ssae,Sagar Samman Award- Sagar Samman Award for Excellence,SSA-SSAE,Central,Infra,Skills & Employment; Business & Entrepreneurship,"Ministry of Ports,Shipping and Waterways",,Award; Demonstrating; Leadership; Maritime Sector,This scheme aims to recognize high-level maritime contributions by providing recognition to individuals with sustained excellence.
ssa-ssag,Sagar Samman Award- Sagar Samman Award for Gallantry,SSA-SSAG,Central,Individual,Skills & Employment,"Ministry of Ports,Shipping and Waterways",,Award; Seafarer; Bravery; Risk,"Under this scheme, recognition is provided to Indian seafarers who risk their lives to save others or protect the marine environment."
ssa-ssva,Sagar Samman Award- Sagar Samman Varuna Award,SSA-SSVA,Central,Infra,Skills & Employment; Business & Entrepreneurship,"Ministry of Ports,Shipping and Waterways",,Award; Company; Firms; Organization; Association,This scheme aims to recognize outstanding maritime contributions by providing top national recognition to distinguished maritime professionals.
ssaomfpidg,"SAMRIDH – Startup Accelerators of MeitY for Product Innovation, Development & Growth",SSAOMFPIDG,Central,Individual,"Banking,Financial Services and Insurance; Business & Entrepreneurship",Ministry of Electronics and Information Technology,,SAMRIDH; Startups; Information Technology; Companies,SAMRIDH is a government program that supports startups by funding and accelerating innovative tech products so they can grow faster and succeed in the market.
ssfgcojmmw,Scholarship Scheme for Girl Children of Workers of Jute Mills/MSME JDP Units,SSGCWJMMJU,Central,Individual,"Banking,Financial Services and Insurance; Women and Child",Ministry Of Textiles,,Scholarship; Worker Children; Girl; Education; Welfare,"National Jute Board Act, 2008 provides to “secure better working conditions and provisions and improve amenities and incentives for workers engaged in the jute industry.”"
ssipfpartsh,SPARSH – Social Innovation Programme for Products Affordable & Relevant to Social Health,SSIPFPARTSH,Central,Individual,"Science, IT & Communications",Ministry Of Science And Technology,,Social Health; SPARSH; Biotechnological; Scientists; Researchers,The SPARSH programme supports innovators in developing affordable health-related solutions so that essential healthcare products can reach and benefit underserved communities.
ssscstsssu,Samriddhi – Scheme for Scheduled Caste/Scheduled Tribe Students for Setting Start-Ups,SSSCSTSSSU,Central,Individual,Business & Entrepreneurship; Education & Learning,Ministry of Education,,Student; Scheduled Caste; Scheduled Tribe; Startup; Entrepreneurship; Funding,"The scheme aims to provide opportunities for Scheduled Caste/Scheduled Tribe students to design, launch, and run their own business or startup after formal education is completed or during their final year of education. The scheme provides a limited one-time financial assistance of ₹20,00,000/-."
sssps,Swatantrata Sainik Samman Pension Scheme,SSSPS,Central,Individual,"Banking,Financial Services and Insurance; Social welfare & Empowerment",Ministry Of Home Affairs,,Pension; Freedom Fighter; Prisoner,"Launched on 15th August 1972, ""Swatantrata Sainik Samman Pension Scheme"" is a Pension Scheme by the Ministry of Home Affairs. The scheme provides the grant of pension to living freedom fighters and their families; if they are no more alive, and to the families or martyrs."
ssteel,Production Linked Incentive (PLI) Scheme (PLI 1.2) for Specialty Steel,SSTEEL,Central,Individual,Business & Entrepreneurship,Ministry Of Steel,,Specialty Steel; Company; PLI; Business,"under this scheme to promote domestic manufacturing of specialty steel by encouraging incremental investment, increasing production of value-added steel, enhancing technological capabilities, and reducing import dependence while generating employment."
sstpwa,Social Security for Tea Plantation Workers in Assam,SSTPWA,Central,Individual,Social welfare & Empowerment; Skills & Employment,Ministry Of Labour and Employment,,Worker; Employee; Plantation; Pension; Insurance; Provident Fund,"The scheme aims to provide institutionalized social security cover, including provident funds, pensions, and life insurance. It provides monthly pensions, provident fund advances, and lump-sum death benefits to tea plantation workers in Assam and their dependent families."
ssuce,Scheme for Setting Up of Centre of Excellence,SSUCE,Central,Infra,"Transport & Infrastructure; Science, IT & Communications",Ministry Of Chemicals And Fertilizers,,Fellowship; Equipment; Patent; Institution; Scientist; University,"The scheme aims to provide strategic funding for collaborative research and development in the chemicals and petrochemicals sector. It provides a grant of up to ₹5,00,00,000/- to existing Government universities and organizations for research equipment, staff, and technology commercialization."
ssupp,Scheme for Setting Up of Plastic Parks,SSUPP,Central,Infra,Transport & Infrastructure,Ministry Of Chemicals And Fertilizers,,Enterprise; Industry; Polymer; Infrastructure; Cluster; Park; Manufacturer,"The scheme aims to increase the competitiveness and value addition in the plastic processing industry through cluster development. It provides grant-in-aid up to ₹40,00,00,000/- for common infrastructure benefits intended for Special Purpose Vehicles and local enterprises."
stfhrdphr,Short Term Fellowship under the Human Resource Development Programme for Health Research,STFHRDPHR,Central,Individual,Education & Learning,Ministry Of Health & Family Welfare,,Short Term; Fellowship; Health Research; Training; Medical Student; Faculty,The scheme aims to provide short-term advanced training and financial support to medical and health research personnel to enhance their skills and promote research in priority health areas.
sui,Stand-Up India,SUPI,Central,Individual,"Business & Entrepreneurship; Banking,Financial Services and Insurance; Social welfare & Empowerment",Ministry Of Finance,2025-03-31,Loan; Entrepreneur; Finance; Business,"A scheme by Ministry of Finance for financing SC/ST and Women Entrepreneurs by facilitating bank loans for setting up a greenfield project Enterprise in manufacturing, services, trading sector and activities allied to agriculture."
suman,Surakshit Matritva Aashwasan Yojana,SUMAN,Central,Family,Health & Wellness; Women and Child,Ministry Of Health & Family Welfare,,Pregnant; Health,"The scheme aims to provide assured, dignified, and completely free healthcare services to all pregnant women, mothers, and newborns at public health facilities."
sutsesdm,Scheme for Financial Assistance to select States/UTs for Skill Development in Electronics System Design and Manufacturing (ESDM) sector,SUTSESDM,Central,Individual,Skills & Employment,Ministry of Electronics and Information Technology,,Skill Development Program; Skill Upgradation; Students; Unemployed Youth; Capacity Building; Financial Assistance,"The scheme aims to enhance skill development capacity in the ESDM sector. Through this scheme, financial assistance and industry-relevant training are provided to students and unemployed youth."
svsgcfrss,Swami Vivekananda Single Girl Child Fellowship for Research in Social Sciences,SVSGCFRSS,Central,Individual,Education & Learning,Ministry of Education,,Single Girl Child; Fellowship; Research; Swami Vivekananda; Social Science; Girls Education; PhD,"A fellowship scheme by the University Grants Commission (UGC) for Single Girl Child for research in Social Sciences with an aim to compensate for direct costs of higher education, especially for such girls who happen to be the only girl child in their family."
swsvy,Shahari Waqf Sampatti Vikas Yojana,SWSVY,Central,Infra,Transport & Infrastructure,Ministry Of Minority Affairs,,Waqf Boards; Interest Free Loan; Waqf Institutions; Waqf Property; Grant In Aid,"Under the scheme, interest free loan to Waqf Boards (WBs)/waqf institutions is granted to various Waqf Boards and Waqf Institutions in the country for construction of economically viable buildings on the Waqf land, such as commercial complex, marriage halls, hospitals, cold storage etc.."
tare,Teachers Associateship for Research Excellence,TARE,Central,Individual,"Science, IT & Communications",Ministry Of Science And Technology,,TARE; Teacher; Research; Faculty; Fellowship; SERB,"The scheme “Teachers Associateship for Research Excellence (TARE)” was launched by Science & Engineering Research Board, Department of Science & Technology, Government of India which aims to facilitate mobility of faculty members working in State Universities /Colleges/Private Academic institutions."
tce-sc,Top Class Education For Scheduled Caste Students,TCE-SC,Central,Individual,Education & Learning; Social welfare & Empowerment,Ministry Of Social Justice and Empowerment,,Student; Scholarship; Education; Scheduled Caste; Tuition Fee,The Scheme aims at recognising and promoting quality education amongst students belonging to SCs by providing financial support. The Scheme will cover SC students for pursuing studies beyond the 12th class.
tce-swd,Top Class Education For Students With Disabilities,TCE-SWD,Central,Individual,Education & Learning; Social welfare & Empowerment,Ministry Of Social Justice and Empowerment,,Student; Scholarship; Person With Disability; Empowerment; Tuition Fee; Books And Stationery,A scholarship scheme by DoEPwDs for Students with Disabilities (SwDs) pursuing studies beyond class 12th admitted in a full-time course in one of the 'notified institutions'.
tdfs,Technology Development Fund (TDF) Scheme,TDFS,Central,Infra,Business & Entrepreneurship,Ministry Of Defence,,Defence Technology; Financial Assistance; Defence Applications; MSMEs And Startups,Technology Development Fund (TDF) has been established to promote self-reliance in Defence Technology as a part of the 'Make in India' initiative.
tdpspdstgmisg,Tea Development and Promotion Scheme (TDPS): Plantation Development for Small Tea Growers (PDSTG): Mechanization for Individual Small Growers,TDPS:PDSTG:MISG,Central,Infra,"Agriculture,Rural & Environment",Ministry Of Commerce And Industry,,Tea; Plantation; Agriculture; Farmer; Subsidy,"The objective of this component is to increase the production, productivity and quality of tea, overall development of small tea growers to help them move up in the value chain, sustainability of production by promoting organic tea cultivation& climate resilient tea and to make them self-reliant."
tdupw,Technology Development And Utilization Programme For Women,TDUPW,Central,Infra,"Science, IT & Communications; Education & Learning; Women and Child",Ministry Of Science And Technology,,Women; Technology; Research; Science; Capacity Building,"In order to meet the specific needs of women and to enhance the contribution of women towards technology capability building, the “Technology Development & Utilization Programme for Women (TDUPW)” has been formulated by the Department of Scientific and Industrial Research (DSIR)."
tecis,TEC Internship Scheme,TECIS,Central,Individual,"Science, IT & Communications; Education & Learning",Ministry Of Communication,,Internship; Student; Telecommunication; Research; Graduation; Postgraduation,The ‘TEC Internship Scheme’ intends to engage 25 Interns in order to study/formulate/operationalize/assess various works/projects/policies etc. The internship will provide an opportunity for young scholars to contribute to the TEC work and have insight into the related technical work.
tfrs,Testing Fee Reimbursement Scheme,TFRS,Central,Infra,Business & Entrepreneurship,"Ministry Of Micro, Small and Medium Enterprises",,Business; Enterpremeurship,Testing Fee Reimbursement Scheme for Scheduled Caste / Scheduled Tribe is a sub scheme under National Scheduled Caste and Scheduled Tribe Hub (NSSH) scheme.
tgsctclvccmuo,Travel Grant Scheme for College Teachers/Vice Chancellors/Commission Members,TGSCTVCCM,Central,Individual,Education & Learning,Ministry of Education,,Travel; International Conference; Grant; Commission Member; Teacher; Vice-Chancellor,"This scheme is for providing financial assistance to permanent teachers of colleges & vice-chancellors of state universities, deemed to be universities & central universities, recognised under section 2(f) and 12 (B) of the UGC Act, to present research papers at international conferences abroad."
tip,Technical Internship Programme,TIP,Central,Individual,Education & Learning; Skills & Employment,Ministry of Electronics and Information Technology,,Internship; Live Projects; Stipend; Engineering Students; NeGD Projects; Internship Certificate,"The scheme aims to provide practical technical experience through live projects. Under this programme, a 6-month internship with a stipend of ₹20,000/- per month is offered to eligible engineering students."
tloiis,The Lokpal of India Internship Scheme,TLOIIS,Central,Individual,Education & Learning; Skills & Employment,The Lokpal of India,,Financial Assistance; Student; Internship; Stipend,"The Lokpal of India Internship Scheme offers students exposure to anti-corruption laws and institutions. Interns learn about governance, legal frameworks, and contribute ideas to enhance transparency and accountability in public administration."
tls-nmdfc,Term Loan Scheme of NMDFC,TLS-NMDFC,Central,Individual,"Banking,Financial Services and Insurance",Ministry Of Minority Affairs,,Term Loan Scheme Of NMDFC,"Under this scheme, credit of up to ₹20,00,000/- under Credit Line-1 and up to ₹30,00,000/- under Credit line -2 is extended to beneficiaries among minority communities at 6% p.a. & 8% p.a. respectively for financing economically viable income generation ventures."
tnfcr,Tagore National Fellowship for Cultural Research,TNFCR,Central,Individual,Education & Learning; Sports & Culture,Ministry Of Culture,,Tagore; Fellowship; Research; Cultural; Fellow,"The Scheme has been introduced to invigorate and revitalize the various institutions under the Ministry of Culture and other identified cultural institutions in the country, by encouraging Fellows/academicians to affiliate themselves with these institutions to work on projects of mutual interest."
tnnaa,Tenzing Norgay National Adventure Award,TNNAA,Central,Individual,Sports & Culture,Ministry Of Youth Affairs & Sports,,Youth; Sports; Award,"MYAS confers the Tenzing Norgay National Adventure Award in order to recognize the achievements of persons associated with the field of adventure and to encourage young people to develop the spirit of endurance, risk-taking, cooperative teamwork, and quick, ready, and effective reflexes."
tnscr,Tagore National Scholarship for Cultural Research,TNSCR,Central,Infra,Education & Learning; Sports & Culture,Ministry Of Culture,,Tagore; Scholarship; Cultural Research; Culture; Scholar,"The Scheme has been introduced to invigorate and revitalize the various institutions under the Ministry of Culture and other identified cultural institutions in the country, by encouraging Scholars/academicians to affiliate themselves with these institutions to work on projects of mutual interest."
tnsfdcis,The NSFDC Internship Scheme,TNSFDCIS,Central,Individual,Education & Learning; Skills & Employment,Ministry Of Social Justice and Empowerment,,Internship; Opportunity; Student; Skill Development,"""The NSFDC Internship Scheme 2024"" is implemented by the National Scheduled Castes Finance & Development Corporation, Ministry of Social Justice & Empowerment, Govt. of India. The internship will expose students to various programs & schemes undertaken by NSFDC, offering them hands-on experience in"
tooplisflsem,The Operation of Production Linked Incentive Scheme (PLI) for Large Scale Electronics Manufacturing,TOOPLISFLSEM,Central,Individual,"Science, IT & Communications",Ministry of Electronics and Information Technology,,Electronics Manufacturing; Large Scale; Companies; Financial Incentive,"The scheme aims to provide financial incentives to boost domestic manufacturing and attract large investments in the electronics value chain, including electronic components and semiconductor packaging."
tpmaepa,The Prime Minister’s Awards for Excellence in Public Administration,TPMAEPA,Central,Infra,Business & Entrepreneurship; Skills & Employment,"Ministry Of Personnel, Public Grievances And Pensions",,Government Organization; Financial Assistance; Innovation; Civil Servants,"The scheme aims to reward innovation and governance excellence, this scheme provides recognition and a ₹20,00,000 incentive to districts and organizations."
ttdf,Telecom Technology Development Fund,TTDF,Central,Infra,"Science, IT & Communications; Business & Entrepreneurship",Ministry Of Communication,,Domestic Companies; Startups; Telecom In Rural; IPR Creation Mentoring; Pilot; Chipset; Grants; Atmanirbhar Bharat; Telecom In Remote Areas; MSMEs; Academic Institutions,"The Telecom Technology Development Fund Scheme (hereinafter referred to as ‘Scheme’) has been notified for domestic companies and institutions involved in technology design, development, commercialization of telecommunication products and solutions to enable affordable broadband and mobile services."
tujtpft,AICTE- TECHNICAL UNIVERSITY JOINT TRAINING PROGRAMS FOR TEACHERS,TUJTPFT,Central,Infra,Education & Learning,Ministry of Education,,Training; Faculty; Technical Education; Learning,AICTE- Technical University Joint Training Programs for Teachers has been launched to train faculty members to prepare them for being successful in a knowledge society.
uhmmept,Union Home Minister’s Medal for Excellence in Police Training,UHMMEPT,Central,Individual,"Public Safety,Law & Justice",Ministry Of Home Affairs,,Police; Award; Training; Medal; Officer,"The scheme aims to recognize the crucial role of trainers and support staff in police organizations, making training a respectable assignment and promoting high quality in police training institutes. It provides recognition, a Certificate (Scroll), and a cash reward of ₹25,000/- to trainers."
unnatidpiit,Uttar Poorva Transformative Industrialization Scheme,UNNATIDPIIT,Central,Individual,Business & Entrepreneurship,Ministry Of Commerce And Industry,,UNNATI; DPIIT; NER; Northeast,"The UNNATI (Uttar Poorva Transformative Industrialization Scheme), 2024, is a Government of India initiative for Northeastern region of India offering various incentives to the industries in both sectors Manufacturing and Service."
va,Visitor's Award,VA,Central,Individual,Education & Learning,Ministry of Education,,Student; Research; Innovation; Awards,The Awards are given to recognize excellence in research and innovation of faculty members/researchers of the Central Universities
vaani,VAANI (Vibrant Advocacy for Advancement and Nurturing of Indian Languages),VAANI,Central,Individual,Education & Learning,Ministry of Education,,Faculty; Scholar; Grant; Reimbursement; Conference; Seminar; Workshop,"The scheme aims to create a knowledge base by conducting conferences, seminars, and workshops in twenty-two Indian languages. The scheme provides a maximum funding of ₹2,00,000/- per programme to eligible institutions, along with an honorarium of up to ₹5,000/- per session for subject experts."
vaibhav,VAIshwik BHArtiya Vaigyanik (VAIBHAV) Fellowship,VAIBHAV,Central,Infra,"Education & Learning; Science, IT & Communications",Ministry Of Science And Technology,,VAIBHAV; Fellowship; Fellow; Research; Science,VAIBHAV Fellowship envisages collaboration between scientists of Indian Diaspora with Indian Higher Educational Institutions/Universities/Public Funded Scientific Institutions. Fellow would identify an Indian Institution for collaboration & may spend upto two months in a year for a max. of 3 years.
vajra,Visiting Advanced Joint Research Faculty Scheme,VAJRA,Central,Individual,"Education & Learning; Science, IT & Communications",Ministry Of Science And Technology,,Visiting; Joint Research; Faculty; VAJRA; Overseas; NRI; OCI; SERB,VAJRA Faculty Scheme is a dedicated program exclusively for overseas scientists and academicians with emphasis on NRI and Persons of Indian Origin/Overseas Citizen of India to work as adjunct/visiting faculty for a specific period of time in Indian Public funded academic and research institutions.
vcf-sc,Venture Capital Fund for Scheduled Castes,VCF-SC,Central,Individual,Business & Entrepreneurship,Ministry Of Social Justice and Empowerment,,Entrepreneur; Finance; Capital; Investment; Technology; Startup,"The scheme aims to promote entrepreneurship among Scheduled Caste individuals by providing concessional finance. Benefits include investment ranging from ₹10,00,000/- to ₹15,00,00,000/- as debt or equity for eligible Private Limited or Public Limited companies."
vcis,Vice Chancellor Internship Scheme,VCIS,Central,Individual,Education & Learning,Ministry of Education,,Education; Honorarium; Student; Undergraduate; Postgraduate,"The Vice Chancellor Internship Scheme (VCIS) by the University of Delhi aims to provide students with experiential learning opportunities, integrating academic knowledge with practical work experience. This initiative aligns with the objectives of ""Samagra Shiksha"" (holistic education) as outlined.."
vdcspds,Vikaas-Day Care Scheme For Person with Disability Children,VDCSPDS,Central,Individual,Social welfare & Empowerment,Ministry Of Social Justice and Empowerment,,Person With Disability; Child; Counselling; Special Care,"Vikaas is a Day care scheme, primarily to expand the range of opportunities available to a person with disability attaining the age of 10 years for enhancing interpersonal and vocational skills as they are on a transition to higher age groups."
vetls,Vocational Education and Training Loan Scheme,VETLS,Central,Individual,"Banking,Financial Services and Insurance; Education & Learning; Skills & Employment",Ministry Of Social Justice and Empowerment,,Education; Training; Loan; Skill,The Vocational Education and Training Loan Scheme provides financial assistance to youth of the target group to enhance their skills & employability.
visvas,Vanchit Ikai Samooh aur Vargon ki Aarthik Sahayata Yojana (VISVAS) for Self-Help Groups,VISVASSHG,Central,Infra,Social welfare & Empowerment,Ministry Of Social Justice and Empowerment,,Interest Subvention; SHGs; OBC; Loan Assistance; SC; Safai Karamchari,"The scheme aims to provide the benefit of a lower rate of interest to eligible Self-Help Groups (SHGs) and individual beneficiaries belonging to Scheduled Castes (SCs), Other Backward Classes (OBCs), and Safai Karamcharis (including identified Manual Scavengers, Waste Pickers, and their dependents)."
visvasi,Vanchit Ikai Samooh aur Vargon ki Aarthik Sahayata Yojana (VISVAS) for Individual,VISVASI,Central,Individual,"Banking,Financial Services and Insurance; Business & Entrepreneurship",Ministry Of Social Justice and Empowerment,,Interest Subvention; Loan Assistance; Scheduled Caste; Safai Karamchari; Other Backward Class,"The VISVAS Scheme provides interest subvention on income-generating loans to SC, OBC, and Safai Karamchari individuals through Public Sector Banks, Regional Rural Banks, Private Sector Banks, Small Finance Banks, and other participating lending institutions."
vls-nmdfc,Virasat Loan Scheme of NMDFC,VLS-NMDFC,Central,Individual,"Banking,Financial Services and Insurance",Ministry Of Minority Affairs,,Virasat Loan Scheme Of NMDFC,"Concessional credit of up to ₹10,00,000/- can be availed under Credit Line-1 & 2. to meet Working Capital and Fixed Capital for purchase of equipment/tools/machineries/raw material by the Minority Artisan."
vpby,Varishtha Pension Bima Yojana,VPBY,Central,Individual,"Banking,Financial Services and Insurance",Ministry Of Finance,,Pension; Senior Citizens; Immediate Annuity; Return Of Purchase Price On Death; Pensioner,"The scheme aims to provide a pension scheme for senior citizens. Through this scheme, immediate annuity, pension, and return of purchase price on death are provided to citizens aged 60 years and above."
vphdseitftphdc,Visvesvaraya PhD Scheme for Electronics and IT: Full Time PhD Candidates,VPHD_FT,Central,Individual,"Science, IT & Communications; Education & Learning",Ministry of Electronics and Information Technology,,Visvesvaraya PhD; Electronics And IT; Full Time PhD; Fellowship,The scheme aims at generating a total of 1000 Full-time PhD Candidates in emerging research areas of Electronic System Design and Manufacturing (ESDM) and IT/IT Enabled Services (ITES) sectors over a period of 5 years.
vphdseitpdf,Visvesvaraya PhD Scheme for Electronics and IT: Post-Doctoral Fellowships (PDF),VPHD_PDF,Central,Individual,"Science, IT & Communications; Education & Learning",Ministry of Electronics and Information Technology,,Visvesvaraya PhD; Electronics And IT; Post-Doctoral; Fellowship; Fellow; Research; PDF,"This fellowship is meant for those who have a proven track record as evident from their research publications & recognitions. Support is provided for 225 Post-Doctoral Fellowships for candidates for a period of 1 year, to encourage specialized research in emerging area."
vphdseitptphdc,Visvesvaraya PhD Scheme for Electronics and IT: Part Time PhD Candidates,VPHD_PT,Central,Individual,"Science, IT & Communications; Education & Learning",Ministry of Electronics and Information Technology,,Visvesvaraya PhD; Electronics And IT; Part Time PhD; Research,The scheme aims at generating a total of 150 Part-time PhDs in emerging research areas of Electronics System Design & Manufacturing (ESDM) and IT/IT Enabled Services (IT/ITES) sectors over a period of 5 years.
vtcta,Vocational Training in Tribal Areas,VTTA,Central,Infra,Skills & Employment; Social welfare & Empowerment,Ministry Of Tribal Affairs,,Vocational Training; Tribal Areas; Scheduled Tribe; VTC; Financial Assistance,"The scheme will be implemented for the benefit of the Scheduled Tribes as well as PTGs and can be taken up anywhere in the country but priority will be given to remote tribal areas, areas inhabited by particularly vulnerable tribes, and areas affected by extremist activities."
whl-181,Women Helpline,WHL-181,Central,Individual,Women and Child,Ministry of Women and Child Development,,181; Emergency; Safety; Response; Violence; ERSS 112; Pyscho-social Counselling; Integrated Helplines; One Stop Centres; Scheme Information,"""Women Helpline"" provides 24X7 emergency and non-emergency response through the telephonic short-code 181 to women"
widushi,Women’s Instinct for Developing and Ushering in Scientific Heights & Innovation,WIDUSHI,Central,Individual,"Women and Child; Science, IT & Communications",Ministry Of Science And Technology,,WIDUSHI; Woman; KIRAN; Scientist; Retired; Fellowship; Research,'WIDUSHI' programme aims to encourage and support senior women scientists to conduct research in interdisciplinary areas of Science and Technology.
wise-pdf,WISE Post-Doctoral Fellowship,WISE-PDF,Central,Individual,"Women and Child; Science, IT & Communications",Ministry Of Science And Technology,,WISE; Post-Doctoral; Fellowship; KIRAN; Woman; Research,“WISE Post-Doctoral Fellowship” is a new programme of the Department of Science & Technology that aims to provide opportunities to women scientists & technologists between the age group of 27-60 years who want to continue their research as bench-level scientists in basic and applied sciences.
wise-phd,WISE Fellowship for Ph.D.,WISE-PHD,Central,Individual,"Science, IT & Communications; Women and Child",Ministry Of Science And Technology,,WISE; Fellowship; PhD; KIRAN; Woman,"The ""WISE Fellowship for Ph.D. (WISE-PhD)"" of the Department of Science and Technology aims to provide an opportunity to carry out Doctoral research in basic and applied sciences to women scientists and technologists between the age group of 27-45 years who want to pursue research in STEM fields."
wise-scope-fellowship,Women In Science and Engineering-Societal Challenges with Opportunities Fellowship,WISE-SCOPE FELLOWSHIP,Central,Individual,"Science, IT & Communications; Women and Child",Ministry Of Science And Technology,,WISE; SCOPE; Fellowship; Woman; Research; Scientist,"The “WISE-SCOPE Fellowship” Program was started by the Department of Science & Technology, Government of India with the aims to provide opportunity to Women Scientists and Technologists who have completed Ph.D. and want to utilize their S&T knowledge and expertise for the benefit of society."
wiser,Women Involvement in Science and Engineering Research,WISER,Central,Individual,Women and Child; Education & Learning,Ministry Of Science And Technology,,Woman; WISER; Germany; IGSTC; STEM,"The scheme “Women Involvement in Science and Engineering Research (WISER)” aims to build scientific capacity, retain and promote women researchers in India & Germany by utilizing complementary expertise in science, technology, innovation and research partnerships."
wmcl,Welfare Measures for Children of Labourers,WMCL,Central,Individual,Education & Learning,Ministry Of Commerce And Industry,,Scholarship; Financial Assistance; Stipend; Student; DBT; Scheduled Caste; Scheduled Tribe,"This scheme aims to provide welfare measures in the form of educational stipends, incentives for academic excellence, and financial support for higher education to the children of SC/ST labourers who demonstrate exceptional academic performance and pursue higher education after 10th grade."
wos-a,Women Scientist Scheme-A,WOS-A,Central,Individual,"Education & Learning; Skills & Employment; Social welfare & Empowerment; Science, IT & Communications; Women and Child",Ministry Of Science And Technology,,Women; Scientist; Technology; Science; Empowerment; Fellowship; Education; Unemployed,"A Research Grant by MoST for female candidates to pursue research in frontier areas of science and engineering, preferably those having a break in career (minimum two years) and not having regular employment, to explore possibility of re-entry into the profession."
wos-b,Women Scientist Scheme-B,WOS-B,Central,Individual,"Skills & Employment; Social welfare & Empowerment; Science, IT & Communications; Women and Child",Ministry Of Science And Technology,,Women; Scientist; Female; Technology; Science; Research; Fellowship,A Research Grant by MoST for female candidates with break in their career interested in addressing societal challenges through viable S&T interventions. Women scientists who wish to apply under this scheme are required to develop their own project/proposals for scientific and technological solutions
wos-c,Women Scientist Scheme-C,WOS-C,Central,Individual,"Skills & Employment; Social welfare & Empowerment; Science, IT & Communications; Women and Child",Ministry Of Science And Technology,,Women; Scientist; Science; Technology; Post-graduation; Skill,"A scheme by MoST for female candidates with a break in their career interested in addressing societal challenges through viable S&T interventions. 1-year training is provided in Intellectual Property Rights (IPRs), patent search, know-how, drafting, filing, trademarks, trade secrets, and copyright."
yfrf,Visvesvaraya PhD Scheme for Electronics and IT: Young Faculty Research Fellowships,VPHD_YFRF,Central,Individual,"Science, IT & Communications; Education & Learning",Ministry of Electronics and Information Technology,,Visvesvaraya PhD; Electronics And IT; Young Faculty; Research; Fellowship,"This fellowship is meant for Young Faculty having regular position at their institution and proven track record in research. Support is provisioned for 50 candidates, for an initial period of support of 2 years, extendible till 5 years based on performance review."
yhs,Youth Hostel Scheme,YHS,Central,Individual,Housing & Shelter,Ministry Of Youth Affairs & Sports,,Shelter; Youth Hostel; Residence,The Youth Hostel Scheme is a joint venture of the Central and State Governments of India. It was launched in the early 1960s to promote youth travel within the country by providing low-cost budget accommodation and facilities to students and youth groups traveling on excursions or study tours.
